com.samsung.shealth.report,6233003,3
timezone,start_date,update_time,create_time,type,is_empty,version,deviceuuid,content,pkg_name,datauuid,compressed_content
America/Sao_Paulo,1476583200000,2016-11-18 14:12:27.998,2016-10-23 15:04:27.096,0,0,1,f1/7zwjou1,X,com.sec.android.app.shealth,96eccb5d-f070-4e10-b7ef-a0bf81fb1240,96eccb5d-f070-4e10-b7ef-a0bf81fb1240.compressed_content.json,
America/Sao_Paulo,1519527600000,2018-03-06 17:29:34.699,2018-03-04 17:31:20.703,0,0,1,n2OTyB17mi,X,com.sec.android.app.shealth,89fd0d58-efdf-4e28-9d27-2c2b7734760d,89fd0d58-efdf-4e28-9d27-2c2b7734760d.compressed_content.json,
America/Sao_Paulo,1494730800000,2017-05-22 17:29:55.983,2017-05-21 17:31:22.524,0,0,1,n2OTyB17mi,X,com.sec.android.app.shealth,0858aa54-4f82-4a84-93d7-53a1733a9304,0858aa54-4f82-4a84-93d7-53a1733a9304.compressed_content.json,
America/Sao_Paulo,1529204400000,2018-06-30 17:30:16.104,2018-06-24 17:31:14.368,0,0,1,n2OTyB17mi,X,com.sec.android.app.shealth,cca33c2d-f3bd-4256-99da-57e31ad256f6,cca33c2d-f3bd-4256-99da-57e31ad256f6.compressed_content.json,
America/Sao_Paulo,1506826800000,2017-10-08 17:31:07.036,2017-10-08 17:29:51.304,0,0,1,n2OTyB17mi,X,com.sec.android.app.shealth,96760149-f979-4e08-8f70-b43a6af0176d,96760149-f979-4e08-8f70-b43a6af0176d.compressed_content.json,
America/Sao_Paulo,1479002400000,2016-11-20 15:05:24.544,2016-11-20 15:04:25.321,0,0,1,f1/7zwjou1,X,com.sec.android.app.shealth,4a429a71-d3d1-4057-9252-63dd9868e8f2,4a429a71-d3d1-4057-9252-63dd9868e8f2.compressed_content.json,
America/Sao_Paulo,1470538800000,2016-11-18 14:12:38.248,2016-08-14 17:26:32.422,0,0,1,f1/7zwjou1,X,com.sec.android.app.shealth,0a4a1465-6f45-4f07-9da2-6c57508c662f,0a4a1465-6f45-4f07-9da2-6c57508c662f.compressed_content.json,
America/Sao_Paulo,1463886000000,2016-11-18 14:13:54.899,2016-05-29 16:33:56.265,0,1,1,f1/7zwjou1,X,com.sec.android.app.shealth,b4bfe3b1-859a-4b75-8e99-631da0d7b30e,b4bfe3b1-859a-4b75-8e99-631da0d7b30e.compressed_content.json,
America/Sao_Paulo,1500778800000,2017-07-30 17:30:34.224,2017-07-30 17:29:36.441,0,0,1,n2OTyB17mi,X,com.sec.android.app.shealth,332f4d1f-9d35-4f0c-ae8e-dea69285bd25,332f4d1f-9d35-4f0c-ae8e-dea69285bd25.compressed_content.json,
America/Sao_Paulo,1497754800000,2017-06-25 17:30:35.007,2017-06-25 17:29:37.926,0,0,1,n2OTyB17mi,X,com.sec.android.app.shealth,a953bef4-944e-494b-a793-6884c8b958f4,a953bef4-944e-494b-a793-6884c8b958f4.compressed_content.json,
America/Sao_Paulo,1497150000000,2017-06-18 17:30:33.030,2017-06-18 17:29:33.128,0,0,1,n2OTyB17mi,X,com.sec.android.app.shealth,6b827d98-017c-4fe3-882f-defab5f6998c,6b827d98-017c-4fe3-882f-defab5f6998c.compressed_content.json,
America/Sao_Paulo,1511661600000,2017-12-04 16:29:33.273,2017-12-03 16:29:56.813,0,0,1,n2OTyB17mi,X,com.sec.android.app.shealth,4ce4ce4a-ebba-4aed-b240-dd7947d76b69,4ce4ce4a-ebba-4aed-b240-dd7947d76b69.compressed_content.json,
America/Sao_Paulo,1527390000000,2018-06-07 17:30:59.331,2018-06-03 17:31:04.778,0,0,1,n2OTyB17mi,X,com.sec.android.app.shealth,50c0f8d9-6f88-4ccd-b672-06facc075a66,50c0f8d9-6f88-4ccd-b672-06facc075a66.compressed_content.json,
America/Sao_Paulo,1505617200000,2017-09-24 17:31:13.447,2017-09-24 17:29:35.902,0,0,1,n2OTyB17mi,X,com.sec.android.app.shealth,e9299edf-2941-4adb-b667-d239eeb3768f,e9299edf-2941-4adb-b667-d239eeb3768f.compressed_content.json,
America/Sao_Paulo,1520132400000,2018-03-11 17:31:13.542,2018-03-11 17:31:12.328,0,0,1,n2OTyB17mi,X,com.sec.android.app.shealth,28c46578-f1d3-45b2-b543-db522c847eeb,28c46578-f1d3-45b2-b543-db522c847eeb.compressed_content.json,
America/Sao_Paulo,1492311600000,2017-04-24 17:30:01.462,2017-04-23 17:30:00.412,0,0,1,n2OTyB17mi,X,com.sec.android.app.shealth,ebacd17e-a998-4834-ba5e-55d81e6af31f,ebacd17e-a998-4834-ba5e-55d81e6af31f.compressed_content.json,
America/Sao_Paulo,1457838000000,2016-11-18 14:15:26.852,2016-03-25 16:35:20.979,0,1,1,f1/7zwjou1,X,com.sec.android.app.shealth,d031e0bc-7977-4d5b-8478-282d1a0ce07b,d031e0bc-7977-4d5b-8478-282d1a0ce07b.compressed_content.json,
America/Sao_Paulo,1462676400000,2016-11-18 14:14:23.556,2016-05-16 16:07:35.413,0,1,1,f1/7zwjou1,X,com.sec.android.app.shealth,5c996f6b-7ebd-4b64-ac54-561705b2fd11,5c996f6b-7ebd-4b64-ac54-561705b2fd11.compressed_content.json,
America/Sao_Paulo,1468724400000,2016-11-18 14:12:38.690,2016-07-24 18:35:11.965,0,0,1,f1/7zwjou1,X,com.sec.android.app.shealth,ad454bca-4ed0-44c6-af87-9aa445591a23,ad454bca-4ed0-44c6-af87-9aa445591a23.compressed_content.json,
America/Sao_Paulo,1521342000000,2018-03-26 17:31:04.730,2018-03-25 17:30:11.556,0,0,1,n2OTyB17mi,X,com.sec.android.app.shealth,db17ea3f-8775-46e0-b32b-d0ab200cab2d,db17ea3f-8775-46e0-b32b-d0ab200cab2d.compressed_content.json,
America/Sao_Paulo,1504407600000,2017-09-10 17:30:51.781,2017-09-10 17:29:50.194,0,0,1,n2OTyB17mi,X,com.sec.android.app.shealth,395c2d73-ec23-4f93-a78f-179fc286cdc5,395c2d73-ec23-4f93-a78f-179fc286cdc5.compressed_content.json,
America/Sao_Paulo,1513476000000,2017-12-24 16:31:14.083,2017-12-24 16:29:34.670,0,0,1,n2OTyB17mi,X,com.sec.android.app.shealth,7bbc7d83-dee0-43fb-8a90-3e3077095f17,7bbc7d83-dee0-43fb-8a90-3e3077095f17.compressed_content.json,
America/Sao_Paulo,1495335600000,2017-05-28 17:30:05.463,2017-05-28 17:30:02.295,0,0,1,n2OTyB17mi,X,com.sec.android.app.shealth,7b564152-ca22-497e-88f4-4f3a67a5c0f0,7b564152-ca22-497e-88f4-4f3a67a5c0f0.compressed_content.json,
America/Sao_Paulo,1558839600000,2019-06-08 17:29:47.036,2019-06-02 17:30:05.662,0,0,2,zjIwstRrv1,X,com.sec.android.app.shealth,b2875d1e-8a2d-4a04-b472-546ccc807030,b2875d1e-8a2d-4a04-b472-546ccc807030.compressed_content.json,
America/Sao_Paulo,1508036400000,2017-10-27 16:29:42.228,2017-10-22 16:29:39.165,0,0,1,n2OTyB17mi,X,com.sec.android.app.shealth,68b1b0de-29b0-4496-b4c9-1e4aaa8e5c4c,68b1b0de-29b0-4496-b4c9-1e4aaa8e5c4c.compressed_content.json,
America/Sao_Paulo,1534647600000,2018-08-27 17:29:43.605,2018-08-26 17:29:31.219,0,0,1,n2OTyB17mi,X,com.sec.android.app.shealth,1fcd547b-3798-4a7f-b97a-4a76bedf5891,1fcd547b-3798-4a7f-b97a-4a76bedf5891.compressed_content.json,
America/Sao_Paulo,1490497200000,2017-04-03 17:31:02.107,2017-04-03 17:31:00.389,0,0,1,n2OTyB17mi,X,com.sec.android.app.shealth,e21aa5d2-b270-48f5-bf80-40f6152c6cb2,e21aa5d2-b270-48f5-bf80-40f6152c6cb2.compressed_content.json,
America/Sao_Paulo,1547344800000,2019-01-25 16:29:48.051,2019-01-20 16:29:50.602,0,0,2,zjIwstRrv1,X,com.sec.android.app.shealth,5b276b83-2836-42dd-9fe3-ae56d1a18278,5b276b83-2836-42dd-9fe3-ae56d1a18278.compressed_content.json,
America/Sao_Paulo,1532833200000,2018-08-06 17:29:39.221,2018-08-05 17:29:34.695,0,0,1,n2OTyB17mi,X,com.sec.android.app.shealth,53a64739-8882-407e-a75c-c780cb8735b2,53a64739-8882-407e-a75c-c780cb8735b2.compressed_content.json,
America/Sao_Paulo,1517104800000,2018-02-06 16:30:49.453,2018-02-04 16:30:11.948,0,0,1,n2OTyB17mi,X,com.sec.android.app.shealth,0d302b04-79ab-4376-b5aa-8696f661df4e,0d302b04-79ab-4376-b5aa-8696f661df4e.compressed_content.json,
America/Sao_Paulo,1550977200000,2019-03-09 17:29:41.390,2019-03-03 17:30:48.799,0,0,2,zjIwstRrv1,X,com.sec.android.app.shealth,37792bbf-483a-420b-aa3f-879e5875c56f,37792bbf-483a-420b-aa3f-879e5875c56f.compressed_content.json,
America/Sao_Paulo,1526180400000,2018-05-20 17:30:58.834,2018-05-20 17:29:38.366,0,0,1,n2OTyB17mi,X,com.sec.android.app.shealth,b0cbe608-0ae2-42b3-8b63-8d15fdab99b0,b0cbe608-0ae2-42b3-8b63-8d15fdab99b0.compressed_content.json,
America/Sao_Paulo,1531623600000,2018-07-24 17:30:21.059,2018-07-22 17:29:40.654,0,0,1,n2OTyB17mi,X,com.sec.android.app.shealth,c1ce328c-4d67-4dd2-90c6-6e41dbf5aae9,c1ce328c-4d67-4dd2-90c6-6e41dbf5aae9.compressed_content.json,
America/Sao_Paulo,1460257200000,2016-11-18 14:15:13.636,2016-04-17 17:00:00.466,0,1,1,f1/7zwjou1,X,com.sec.android.app.shealth,47e3bc1e-e312-4b95-8403-053aca826284,47e3bc1e-e312-4b95-8403-053aca826284.compressed_content.json,
America/Sao_Paulo,1561258800000,2019-07-06 17:30:38.334,2019-06-30 17:29:32.298,0,0,2,zjIwstRrv1,X,com.sec.android.app.shealth,b28e0852-e5d1-4737-9821-0e663ee7cf74,b28e0852-e5d1-4737-9821-0e663ee7cf74.compressed_content.json,
America/Sao_Paulo,1477792800000,2016-11-18 14:12:27.546,2016-11-07 15:04:10.056,0,0,1,f1/7zwjou1,X,com.sec.android.app.shealth,3ac65aed-af86-4d6a-b32f-143cc357463b,3ac65aed-af86-4d6a-b32f-143cc357463b.compressed_content.json,
America/Sao_Paulo,1548554400000,2019-02-09 16:29:49.862,2019-02-03 16:30:34.439,0,0,2,zjIwstRrv1,X,com.sec.android.app.shealth,35f81bda-2839-4882-a8ed-baeb19ad1677,35f81bda-2839-4882-a8ed-baeb19ad1677.compressed_content.json,
America/Sao_Paulo,1477188000000,2016-11-18 14:12:27.782,2016-10-30 15:04:09.072,0,0,1,f1/7zwjou1,X,com.sec.android.app.shealth,867991f4-f40c-453a-bd74-a07e51fb11ac,867991f4-f40c-453a-bd74-a07e51fb11ac.compressed_content.json,
America/Sao_Paulo,1557630000000,2019-05-25 17:29:49.059,2019-05-19 17:33:33.369,0,0,2,zjIwstRrv1,X,com.sec.android.app.shealth,0879749a-a69f-4363-bc15-f192f5509619,0879749a-a69f-4363-bc15-f192f5509619.compressed_content.json,
America/Sao_Paulo,1525575600000,2018-05-13 17:29:41.578,2018-05-13 17:29:30.685,0,0,1,n2OTyB17mi,X,com.sec.android.app.shealth,4fb7dbc0-2661-4108-8d66-3e4c8225225b,4fb7dbc0-2661-4108-8d66-3e4c8225225b.compressed_content.json,
America/Sao_Paulo,1552791600000,2019-03-29 17:30:08.931,2019-03-24 17:30:41.960,0,0,2,zjIwstRrv1,X,com.sec.android.app.shealth,86ee5b10-4405-4dcd-b956-57faf53f63f1,86ee5b10-4405-4dcd-b956-57faf53f63f1.compressed_content.json,
America/Sao_Paulo,1471748400000,2016-11-18 14:12:37.901,2016-08-29 16:04:19.908,0,0,1,f1/7zwjou1,X,com.sec.android.app.shealth,3580a7f7-e645-4663-bba0-31e1777a4859,3580a7f7-e645-4663-bba0-31e1777a4859.compressed_content.json,
America/Sao_Paulo,1561863600000,2019-07-13 17:34:08.021,2019-07-07 17:30:32.364,0,0,2,zjIwstRrv1,X,com.sec.android.app.shealth,1519b7a7-ef28-4ca4-9e3d-093cae5ad9ed,1519b7a7-ef28-4ca4-9e3d-093cae5ad9ed.compressed_content.json,
America/Sao_Paulo,1467514800000,2016-11-18 14:12:39.093,2016-07-10 16:10:19.796,0,0,1,f1/7zwjou1,X,com.sec.android.app.shealth,ae236be6-44c0-4d1c-8604-cafd07acc541,ae236be6-44c0-4d1c-8604-cafd07acc541.compressed_content.json,
America/Sao_Paulo,1571540400000,2019-10-27 16:45:49.418,2019-10-27 16:45:47.736,0,0,2,yfgkJHa6g4,X,com.sec.android.app.shealth,86be4cd4-1b76-438f-8531-0d70d64bc90b,86be4cd4-1b76-438f-8531-0d70d64bc90b.compressed_content.json,
America/Sao_Paulo,1575169200000,2019-12-08 16:47:25.644,2019-12-08 16:47:24.442,0,0,2,yfgkJHa6g4,X,com.sec.android.app.shealth,3022c1e2-71f4-4cc4-bdd6-60ca1bcdabc1,3022c1e2-71f4-4cc4-bdd6-60ca1bcdabc1.compressed_content.json,
America/Sao_Paulo,1472353200000,2016-11-18 14:12:37.535,2016-09-04 16:04:18.310,0,0,1,f1/7zwjou1,X,com.sec.android.app.shealth,44852af0-9f16-4eee-9cba-271912fbd7a8,44852af0-9f16-4eee-9cba-271912fbd7a8.compressed_content.json,
America/Sao_Paulo,1578798000000,2020-01-19 16:42:19.530,2020-01-19 16:42:17.226,0,0,2,yfgkJHa6g4,X,com.sec.android.app.shealth,c8a9f159-bc3f-418d-92dc-30864e6b7020,c8a9f159-bc3f-418d-92dc-30864e6b7020.compressed_content.json,
America/Sao_Paulo,1511056800000,2017-11-27 16:29:56.945,2017-11-26 16:30:58.837,0,0,1,n2OTyB17mi,X,com.sec.android.app.shealth,b86033cc-b4fd-4834-80f3-fec1c2819164,b86033cc-b4fd-4834-80f3-fec1c2819164.compressed_content.json,
Europe/Lisbon,1582416000000,2020-03-01 13:41:47.379,2020-03-01 13:41:46.027,0,0,2,yfgkJHa6g4,X,com.sec.android.app.shealth,710da1ef-ef56-4e4f-aad0-f7a8cc361e38,710da1ef-ef56-4e4f-aad0-f7a8cc361e38.compressed_content.json,
America/Sao_Paulo,1523761200000,2018-04-22 17:35:43.072,2018-04-22 17:35:02.892,0,0,1,n2OTyB17mi,X,com.sec.android.app.shealth,6d8a8175-539f-4502-91eb-75a0edac7a51,6d8a8175-539f-4502-91eb-75a0edac7a51.compressed_content.json,
America/Sao_Paulo,1586055600000,2020-04-12 16:41:47.369,2020-04-12 16:41:42.564,0,0,2,yfgkJHa6g4,X,com.sec.android.app.shealth,44ad3444-7325-46fe-8b6f-2826593a46b8,44ad3444-7325-46fe-8b6f-2826593a46b8.compressed_content.json,
America/Sao_Paulo,1495940400000,2017-06-04 17:31:43.709,2017-06-04 17:30:07.680,0,0,1,n2OTyB17mi,X,com.sec.android.app.shealth,08d2591f-4448-4b36-8f64-d887767620c5,08d2591f-4448-4b36-8f64-d887767620c5.compressed_content.json,
America/Sao_Paulo,1589684400000,2020-05-24 16:43:49.425,2020-05-24 16:43:47.323,0,0,2,yfgkJHa6g4,X,com.sec.android.app.shealth,92d394b7-f84f-4089-aa9f-ae08d0994fd8,92d394b7-f84f-4089-aa9f-ae08d0994fd8.compressed_content.json,
America/Sao_Paulo,1515895200000,2018-01-21 16:31:15.049,2018-01-21 16:29:51.389,0,0,1,n2OTyB17mi,X,com.sec.android.app.shealth,beccd09f-c323-424d-9c48-bfe7c3cbf641,beccd09f-c323-424d-9c48-bfe7c3cbf641.compressed_content.json,
America/Sao_Paulo,1496545200000,2017-06-11 17:30:51.665,2017-06-11 17:29:58.915,0,0,1,n2OTyB17mi,X,com.sec.android.app.shealth,976a4f74-9945-4109-b7c8-55754e267ab0,976a4f74-9945-4109-b7c8-55754e267ab0.compressed_content.json,
America/Sao_Paulo,1593313200000,2020-07-05 16:41:44.880,2020-07-05 16:41:43.421,0,0,2,yfgkJHa6g4,X,com.sec.android.app.shealth,bae15ba6-e68e-47c9-bbe3-94987de006ae,bae15ba6-e68e-47c9-bbe3-94987de006ae.compressed_content.json,
America/Sao_Paulo,1550372400000,2019-03-02 17:31:26.540,2019-02-24 17:29:32.016,0,0,2,zjIwstRrv1,X,com.sec.android.app.shealth,0d4e0166-3d66-4147-8047-54b138117d5b,0d4e0166-3d66-4147-8047-54b138117d5b.compressed_content.json,
America/Sao_Paulo,1596942000000,2020-08-17 16:42:06.150,2020-08-16 16:42:20.695,0,0,2,yfgkJHa6g4,X,com.sec.android.app.shealth,0d98843a-5114-49af-8606-c92593b6db4f,0d98843a-5114-49af-8606-c92593b6db4f.compressed_content.json,
America/Sao_Paulo,1546135200000,2019-01-12 16:33:31.726,2019-01-06 16:29:38.958,0,0,2,zjIwstRrv1,X,com.sec.android.app.shealth,731e3e70-984d-4490-a390-83ebdbb6e14c,731e3e70-984d-4490-a390-83ebdbb6e14c.compressed_content.json,
America/Sao_Paulo,1600570800000,2020-09-28 16:42:20.314,2020-09-27 16:42:04.176,0,0,2,yfgkJHa6g4,X,com.sec.android.app.shealth,231d844f-5456-42ef-a6b9-28d23fe8a28e,231d844f-5456-42ef-a6b9-28d23fe8a28e.compressed_content.json,
America/Sao_Paulo,1604199600000,2020-11-09 16:42:31.387,2020-11-08 16:42:24.393,0,0,2,yfgkJHa6g4,X,com.sec.android.app.shealth,535fbec1-dd70-4fa3-a8b5-8140c983b371,535fbec1-dd70-4fa3-a8b5-8140c983b371.compressed_content.json,
America/Sao_Paulo,1568516400000,2019-09-24 17:30:04.424,2019-09-22 17:30:15.647,0,0,2,zjIwstRrv1,X,com.sec.android.app.shealth,2aa93eae-87f8-44ee-962f-ad99fa1bf87c,2aa93eae-87f8-44ee-962f-ad99fa1bf87c.compressed_content.json,
America/Sao_Paulo,1608433200000,2020-12-28 16:41:41.791,2020-12-27 16:41:43.647,0,0,2,yfgkJHa6g4,X,com.sec.android.app.shealth,8b2e1644-2121-440c-ab0b-27730211f065,8b2e1644-2121-440c-ab0b-27730211f065.compressed_content.json,
America/Sao_Paulo,1535252400000,2018-09-08 17:29:51.179,2018-09-07 17:29:37.411,0,0,2,zjIwstRrv1,X,com.sec.android.app.shealth,1bcd59f1-1756-4f2c-9de9-2780a17f4c43,1bcd59f1-1756-4f2c-9de9-2780a17f4c43.compressed_content.json,
America/Sao_Paulo,1612062000000,2021-02-07 16:41:45.470,2021-02-07 16:41:42.239,0,0,2,yfgkJHa6g4,X,com.sec.android.app.shealth,4f07706a-fe50-4890-8d3c-e2183c77a50f,4f07706a-fe50-4890-8d3c-e2183c77a50f.compressed_content.json,
America/Sao_Paulo,1538881200000,2018-10-20 17:30:12.420,2018-10-14 17:30:01.489,0,0,2,zjIwstRrv1,X,com.sec.android.app.shealth,ecfa863b-4a65-4cd4-a3c3-4713738a5794,ecfa863b-4a65-4cd4-a3c3-4713738a5794.compressed_content.json,
America/Sao_Paulo,1615690800000,2021-03-21 16:43:04.437,2021-03-21 16:43:03.099,0,0,2,yfgkJHa6g4,X,com.sec.android.app.shealth,99d0a893-e5fc-46ff-a1fe-86c89e7a4fbf,99d0a893-e5fc-46ff-a1fe-86c89e7a4fbf.compressed_content.json,
America/Sao_Paulo,1562468400000,2019-07-20 17:29:52.255,2019-07-14 17:30:01.335,0,0,2,zjIwstRrv1,X,com.sec.android.app.shealth,8d2e66c0-909f-4266-aff6-014f43eff709,8d2e66c0-909f-4266-aff6-014f43eff709.compressed_content.json,
America/Sao_Paulo,1619319600000,2021-05-02 16:41:57.148,2021-05-02 16:41:56.201,0,0,2,yfgkJHa6g4,X,com.sec.android.app.shealth,1fd439fc-ed73-48d7-9f4d-0613acfc4f6c,1fd439fc-ed73-48d7-9f4d-0613acfc4f6c.compressed_content.json,
America/Sao_Paulo,1546740000000,2019-01-19 16:31:27.129,2019-01-13 16:31:00.841,0,0,2,zjIwstRrv1,X,com.sec.android.app.shealth,c6fe339e-de01-45fe-a85f-baf38c51f3d0,c6fe339e-de01-45fe-a85f-baf38c51f3d0.compressed_content.json,
America/Sao_Paulo,1622948400000,2021-06-13 16:42:05.570,2021-06-13 16:42:02.245,0,0,2,yfgkJHa6g4,X,com.sec.android.app.shealth,525883c7-e6f5-4896-9964-e6f6633ff042,525883c7-e6f5-4896-9964-e6f6633ff042.compressed_content.json,
America/Sao_Paulo,1626577200000,2021-07-25 16:41:56.929,2021-07-25 16:41:54.904,0,0,2,yfgkJHa6g4,X,com.sec.android.app.shealth,0ef4dc54-96b6-4014-99fb-25aa4971effc,0ef4dc54-96b6-4014-99fb-25aa4971effc.compressed_content.json,
America/Sao_Paulo,1547949600000,2019-02-02 16:30:09.558,2019-01-27 16:29:43.993,0,0,2,zjIwstRrv1,X,com.sec.android.app.shealth,df590de2-079e-46b9-b8b3-51c5894b7789,df590de2-079e-46b9-b8b3-51c5894b7789.compressed_content.json,
America/Sao_Paulo,1630206000000,2021-09-05 16:42:06.149,2021-09-05 16:42:02.292,0,0,2,yfgkJHa6g4,X,com.sec.android.app.shealth,0fb20f8f-c1e2-409e-aa44-3191d16eb698,0fb20f8f-c1e2-409e-aa44-3191d16eb698.compressed_content.json,
America/Sao_Paulo,1564887600000,2019-08-17 17:31:19.122,2019-08-11 17:29:37.391,0,0,2,zjIwstRrv1,X,com.sec.android.app.shealth,02b66b55-3c16-4f0a-bb33-cd853b0ac03f,02b66b55-3c16-4f0a-bb33-cd853b0ac03f.compressed_content.json,
America/Sao_Paulo,1633834800000,2021-10-17 16:42:12.481,2021-10-17 16:42:05.799,0,0,2,yfgkJHa6g4,X,com.sec.android.app.shealth,372c8aa9-8ee8-464f-80be-1febea61d066,372c8aa9-8ee8-464f-80be-1febea61d066.compressed_content.json,
America/Sao_Paulo,1538276400000,2018-10-13 17:30:42.602,2018-10-07 17:30:39.430,0,0,2,zjIwstRrv1,X,com.sec.android.app.shealth,59d320db-4664-427b-91cd-3200b62ee42b,59d320db-4664-427b-91cd-3200b62ee42b.compressed_content.json,
America/Sao_Paulo,1637463600000,2021-11-28 16:42:14.136,2021-11-28 16:42:09.960,0,0,2,yfgkJHa6g4,X,com.sec.android.app.shealth,f5685b70-31d6-4773-a0ef-0e45576819a3,f5685b70-31d6-4773-a0ef-0e45576819a3.compressed_content.json,
America/Sao_Paulo,1543111200000,2018-12-08 16:30:28.602,2018-12-02 16:30:08.541,0,0,2,zjIwstRrv1,X,com.sec.android.app.shealth,eb9d61ca-ae9b-4e7f-961d-0812825ff38a,eb9d61ca-ae9b-4e7f-961d-0812825ff38a.compressed_content.json,
America/Sao_Paulo,1568516400000,2019-09-27 16:41:45.833,2019-09-27 16:41:42.129,0,0,2,yfgkJHa6g4,X,com.sec.android.app.shealth,1bc39775-9724-4f5c-873e-2b6cdc7cb5ff,1bc39775-9724-4f5c-873e-2b6cdc7cb5ff.compressed_content.json,
America/Sao_Paulo,1641092400000,2022-01-09 16:45:09.905,2022-01-09 16:45:04.611,0,0,2,yfgkJHa6g4,X,com.sec.android.app.shealth,a3888378-74f1-4b48-a139-561dd6d6da41,a3888378-74f1-4b48-a139-561dd6d6da41.compressed_content.json,
America/Sao_Paulo,1644721200000,2022-02-20 16:48:03.347,2022-02-20 16:47:59.977,0,0,2,yfgkJHa6g4,X,com.sec.android.app.shealth,5b00c271-f043-4b99-a0f2-1cd9c710cff6,5b00c271-f043-4b99-a0f2-1cd9c710cff6.compressed_content.json,
America/Sao_Paulo,1572145200000,2019-11-03 16:42:02.809,2019-11-03 16:42:00.607,0,0,2,yfgkJHa6g4,X,com.sec.android.app.shealth,0cd7f53e-b178-4b6f-85d1-dac35f1e9cff,0cd7f53e-b178-4b6f-85d1-dac35f1e9cff.compressed_content.json,
America/Sao_Paulo,1648350000000,2022-04-06 16:43:10.529,2022-04-06 16:42:54.230,0,0,2,yfgkJHa6g4,X,com.sec.android.app.shealth,ae48e9ba-2459-431b-aceb-8c4d32230a56,ae48e9ba-2459-431b-aceb-8c4d32230a56.compressed_content.json,
America/Sao_Paulo,1575774000000,2019-12-15 16:41:50.389,2019-12-15 16:41:47.849,0,0,2,yfgkJHa6g4,X,com.sec.android.app.shealth,7907ac73-1c9b-40fc-a86f-86f1a0c74247,7907ac73-1c9b-40fc-a86f-86f1a0c74247.compressed_content.json,
America/Sao_Paulo,1653793200000,2022-06-05 16:49:16.313,2022-06-05 16:49:12.265,0,0,2,yfgkJHa6g4,X,com.sec.android.app.shealth,92cba035-b667-4534-a932-5cf393a02f2e,92cba035-b667-4534-a932-5cf393a02f2e.compressed_content.json,
America/Sao_Paulo,1579402800000,2020-01-26 16:42:35.325,2020-01-26 16:42:31.727,0,0,2,yfgkJHa6g4,X,com.sec.android.app.shealth,0fee9af5-cd59-4673-aa84-5a1d4ded5e4c,0fee9af5-cd59-4673-aa84-5a1d4ded5e4c.compressed_content.json,
America/Sao_Paulo,1657422000000,2022-07-19 16:41:55.452,2022-07-19 16:41:51.320,0,0,2,yfgkJHa6g4,X,com.sec.android.app.shealth,ee9c4965-c810-4137-9071-b81c253e8bef,ee9c4965-c810-4137-9071-b81c253e8bef.compressed_content.json,
America/Sao_Paulo,1583031600000,2020-03-08 16:42:00.573,2020-03-08 16:41:58.915,0,0,2,yfgkJHa6g4,X,com.sec.android.app.shealth,8a890ced-f5f7-4074-a251-4e3f47eae8e1,8a890ced-f5f7-4074-a251-4e3f47eae8e1.compressed_content.json,
America/Sao_Paulo,1662865200000,2022-09-21 16:41:55.402,2022-09-21 16:41:55.402,0,0,2,yfgkJHa6g4,X,com.sec.android.app.shealth,766167ed-41a1-4771-a5ab-bb1ef5b42240,766167ed-41a1-4771-a5ab-bb1ef5b42240.compressed_content.json,
America/Sao_Paulo,1669518000000,2022-12-08 16:41:56.876,2022-12-08 16:41:56.876,0,0,2,yfgkJHa6g4,X,com.sec.android.app.shealth,d3734329-662a-4f70-8516-4e090ccf9eeb,d3734329-662a-4f70-8516-4e090ccf9eeb.compressed_content.json,
America/Sao_Paulo,1586660400000,2020-04-19 16:41:43.438,2020-04-19 16:41:41.742,0,0,2,yfgkJHa6g4,X,com.sec.android.app.shealth,3a01ee52-4ba3-4f0e-a2b5-4db0f699017e,3a01ee52-4ba3-4f0e-a2b5-4db0f699017e.compressed_content.json,
America/Sao_Paulo,1674356400000,2023-02-01 16:41:53.845,2023-02-01 16:41:53.845,0,0,2,yfgkJHa6g4,X,com.sec.android.app.shealth,cca27f99-0281-4989-9093-0bf133da8d00,cca27f99-0281-4989-9093-0bf133da8d00.compressed_content.json,
America/Sao_Paulo,1590289200000,2020-05-31 16:41:51.757,2020-05-31 16:41:42.235,0,0,2,yfgkJHa6g4,X,com.sec.android.app.shealth,e1c95c4e-b366-49ce-8a05-816960ef799b,e1c95c4e-b366-49ce-8a05-816960ef799b.compressed_content.json,
America/Sao_Paulo,1593918000000,2020-07-14 16:42:44.575,2020-07-12 16:42:11.842,0,0,2,yfgkJHa6g4,X,com.sec.android.app.shealth,70e41f2f-7c83-40a9-9127-4b4f1a9ac110,70e41f2f-7c83-40a9-9127-4b4f1a9ac110.compressed_content.json,
America/Sao_Paulo,1597546800000,2020-08-25 16:41:50.113,2020-08-23 16:41:49.827,0,0,2,yfgkJHa6g4,X,com.sec.android.app.shealth,08fdc041-0bec-4aac-a920-4e37e39a68d1,08fdc041-0bec-4aac-a920-4e37e39a68d1.compressed_content.json,
America/Sao_Paulo,1601175600000,2020-10-05 16:41:56.671,2020-10-04 16:41:42.839,0,0,2,yfgkJHa6g4,X,com.sec.android.app.shealth,34b125fa-45fa-46dd-b9e2-bf9c61b94c7e,34b125fa-45fa-46dd-b9e2-bf9c61b94c7e.compressed_content.json,
America/Sao_Paulo,1604804400000,2020-11-17 16:41:42.370,2020-11-15 16:42:21.204,0,0,2,yfgkJHa6g4,X,com.sec.android.app.shealth,e4cb181f-a508-49e8-9d79-feb6b24b33a3,e4cb181f-a508-49e8-9d79-feb6b24b33a3.compressed_content.json,
Europe/Lisbon,1518307200000,2018-02-18 14:30:58.278,2018-02-18 14:29:57.232,0,0,1,n2OTyB17mi,X,com.sec.android.app.shealth,e019fbbb-89c7-4932-99e4-70480871d2c6,e019fbbb-89c7-4932-99e4-70480871d2c6.compressed_content.json,
America/Sao_Paulo,1609038000000,2021-01-04 16:45:18.219,2021-01-03 16:42:02.769,0,0,2,yfgkJHa6g4,X,com.sec.android.app.shealth,50f25731-cb5e-452f-988d-24636ad9e9dc,50f25731-cb5e-452f-988d-24636ad9e9dc.compressed_content.json,
America/Sao_Paulo,1486864800000,2017-02-19 17:31:14.573,2017-02-19 17:30:05.752,0,0,1,n2OTyB17mi,X,com.sec.android.app.shealth,09147f7e-15b3-46ae-bcdf-53740072cede,09147f7e-15b3-46ae-bcdf-53740072cede.compressed_content.json,
America/Sao_Paulo,1471143600000,2016-11-18 14:12:38.022,2016-08-22 16:04:19.647,0,0,1,f1/7zwjou1,X,com.sec.android.app.shealth,64723337-2982-4ddf-8d1f-9dc8668d3d5a,64723337-2982-4ddf-8d1f-9dc8668d3d5a.compressed_content.json,
America/Sao_Paulo,1612666800000,2021-02-14 16:41:47.587,2021-02-14 16:41:46.402,0,0,2,yfgkJHa6g4,X,com.sec.android.app.shealth,bf20ec44-1498-434c-9325-8b72656cbbdf,bf20ec44-1498-434c-9325-8b72656cbbdf.compressed_content.json,
America/Sao_Paulo,1524366000000,2018-04-30 17:29:53.906,2018-04-29 17:32:25.795,0,0,1,n2OTyB17mi,X,com.sec.android.app.shealth,f1f33eb1-59c3-4831-a0e7-625c6ba3d909,f1f33eb1-59c3-4831-a0e7-625c6ba3d909.compressed_content.json,
America/Sao_Paulo,1514080800000,2018-01-02 16:31:54.737,2017-12-31 16:40:31.326,0,0,1,n2OTyB17mi,X,com.sec.android.app.shealth,1a69dc0d-64ff-4082-8cdf-53a3c999e074,1a69dc0d-64ff-4082-8cdf-53a3c999e074.compressed_content.json,
America/Sao_Paulo,1616295600000,2021-03-28 16:41:42.707,2021-03-28 16:41:41.565,0,0,2,yfgkJHa6g4,X,com.sec.android.app.shealth,76814cd6-5b89-4fcd-b2e2-a8842ff80d9b,76814cd6-5b89-4fcd-b2e2-a8842ff80d9b.compressed_content.json,
America/Sao_Paulo,1522551600000,2018-04-08 17:31:23.560,2018-04-08 17:30:30.061,0,0,1,n2OTyB17mi,X,com.sec.android.app.shealth,fdadf52a-0a35-4867-922a-2478628ae200,fdadf52a-0a35-4867-922a-2478628ae200.compressed_content.json,
America/Sao_Paulo,1460862000000,2016-11-18 14:15:10.928,2016-04-24 16:26:33.909,0,0,1,f1/7zwjou1,X,com.sec.android.app.shealth,1240668f-9b65-44c1-bf62-80c3a737bcbf,1240668f-9b65-44c1-bf62-80c3a737bcbf.compressed_content.json,
America/Sao_Paulo,1619924400000,2021-05-09 16:41:43.317,2021-05-09 16:41:42.007,0,0,2,yfgkJHa6g4,X,com.sec.android.app.shealth,f8436fd3-e73a-4080-8f21-2c67d4bb5260,f8436fd3-e73a-4080-8f21-2c67d4bb5260.compressed_content.json,
America/Sao_Paulo,1484445600000,2017-01-22 16:31:07.156,2017-01-22 16:29:40.737,0,0,1,n2OTyB17mi,X,com.sec.android.app.shealth,cd29a0f0-ede7-43fd-ad6f-9f2f303d99ec,cd29a0f0-ede7-43fd-ad6f-9f2f303d99ec.compressed_content.json,
America/Sao_Paulo,1509242400000,2017-11-06 16:30:02.096,2017-11-05 16:29:31.594,0,0,1,n2OTyB17mi,X,com.sec.android.app.shealth,47ad0179-9149-4b3f-8c83-3a7f3035b12a,47ad0179-9149-4b3f-8c83-3a7f3035b12a.compressed_content.json,
America/Sao_Paulo,1520737200000,2018-03-18 17:31:41.182,2018-03-18 17:31:39.571,0,0,1,n2OTyB17mi,X,com.sec.android.app.shealth,221de31c-eb58-4a4e-bc9a-fb6bf5c80f60,221de31c-eb58-4a4e-bc9a-fb6bf5c80f60.compressed_content.json,
America/Sao_Paulo,1623553200000,2021-06-20 16:42:32.288,2021-06-20 16:42:26.488,0,0,2,yfgkJHa6g4,X,com.sec.android.app.shealth,41247214-08cb-4e11-9d2f-46918fec7470,41247214-08cb-4e11-9d2f-46918fec7470.compressed_content.json,
America/Sao_Paulo,1521946800000,2018-04-01 17:31:58.905,2018-04-01 17:30:59.790,0,0,1,n2OTyB17mi,X,com.sec.android.app.shealth,3738c8b1-b56d-45c5-a7ed-c38f8d3d7f3f,3738c8b1-b56d-45c5-a7ed-c38f8d3d7f3f.compressed_content.json,
America/Sao_Paulo,1468119600000,2016-11-18 14:12:38.822,2016-07-17 17:11:33.383,0,0,1,f1/7zwjou1,X,com.sec.android.app.shealth,1293f971-80e1-4daa-95c2-c21665af4b3f,1293f971-80e1-4daa-95c2-c21665af4b3f.compressed_content.json,
America/Sao_Paulo,1627182000000,2021-08-01 16:41:45.005,2021-08-01 16:41:42.837,0,0,2,yfgkJHa6g4,X,com.sec.android.app.shealth,720ff38b-cd82-4541-8a8e-068ecee13549,720ff38b-cd82-4541-8a8e-068ecee13549.compressed_content.json,
America/Sao_Paulo,1488078000000,2017-03-05 17:31:04.956,2017-03-05 17:30:04.745,0,0,1,n2OTyB17mi,X,com.sec.android.app.shealth,4c16503d-2202-4153-8472-4969e86d2e48,4c16503d-2202-4153-8472-4969e86d2e48.compressed_content.json,
America/Sao_Paulo,1498964400000,2017-07-09 17:30:22.424,2017-07-09 17:30:16.889,0,0,1,n2OTyB17mi,X,com.sec.android.app.shealth,67ec66ee-8518-4239-84b5-c6e02c780339,67ec66ee-8518-4239-84b5-c6e02c780339.compressed_content.json,
America/Sao_Paulo,1630810800000,2021-09-13 16:43:01.422,2021-09-13 16:42:57.690,0,0,2,yfgkJHa6g4,X,com.sec.android.app.shealth,72dbe2d3-11ed-4fba-b06e-51ae6a8a1162,72dbe2d3-11ed-4fba-b06e-51ae6a8a1162.compressed_content.json,
America/Sao_Paulo,1493521200000,2017-05-08 17:30:03.026,2017-05-07 17:30:31.340,0,0,1,n2OTyB17mi,X,com.sec.android.app.shealth,f5900a04-3b87-4187-a538-2535b1818c68,f5900a04-3b87-4187-a538-2535b1818c68.compressed_content.json,
America/Sao_Paulo,1634439600000,2021-10-24 16:41:45.637,2021-10-24 16:41:42.528,0,0,2,yfgkJHa6g4,X,com.sec.android.app.shealth,e17b0b0f-10cf-46ea-bfc0-c0ad31e89000,e17b0b0f-10cf-46ea-bfc0-c0ad31e89000.compressed_content.json,
America/Sao_Paulo,1483236000000,2017-01-10 16:30:30.861,2017-01-10 16:29:45.258,0,1,1,n2OTyB17mi,X,com.sec.android.app.shealth,839de4c3-2dfd-4da4-8017-e31408590faf,839de4c3-2dfd-4da4-8017-e31408590faf.compressed_content.json,
America/Sao_Paulo,1491102000000,2017-04-09 17:30:58.721,2017-04-09 17:30:13.192,0,0,1,n2OTyB17mi,X,com.sec.android.app.shealth,2944badc-eccc-4018-a689-257f4ce7a0eb,2944badc-eccc-4018-a689-257f4ce7a0eb.compressed_content.json,
America/Sao_Paulo,1466910000000,2016-11-18 14:12:39.319,2016-07-03 17:53:30.473,0,0,1,f1/7zwjou1,X,com.sec.android.app.shealth,c77e8794-56ad-41bb-b4b5-61d913a8895d,c77e8794-56ad-41bb-b4b5-61d913a8895d.compressed_content.json,
America/Sao_Paulo,1638068400000,2021-12-05 16:41:54.874,2021-12-05 16:41:50.377,0,0,2,yfgkJHa6g4,X,com.sec.android.app.shealth,9ff894be-533d-4468-a5da-679ea8ee64c1,9ff894be-533d-4468-a5da-679ea8ee64c1.compressed_content.json,
America/Sao_Paulo,1487473200000,2017-02-26 17:32:01.247,2017-02-26 17:30:51.561,0,0,1,n2OTyB17mi,X,com.sec.android.app.shealth,cfb91e30-0ca9-4875-9858-f973a6df81fc,cfb91e30-0ca9-4875-9858-f973a6df81fc.compressed_content.json,
America/Sao_Paulo,1514685600000,2018-01-08 16:29:43.361,2018-01-07 16:30:26.544,0,0,1,n2OTyB17mi,X,com.sec.android.app.shealth,3f6a1b60-b739-42d8-b09e-29b35a5e1a3d,3f6a1b60-b739-42d8-b09e-29b35a5e1a3d.compressed_content.json,
America/Sao_Paulo,1641697200000,2022-01-16 16:42:43.578,2022-01-16 16:42:28.870,0,0,2,yfgkJHa6g4,X,com.sec.android.app.shealth,c49374d9-ef48-41b5-91d0-dc8ca4a5bfc8,c49374d9-ef48-41b5-91d0-dc8ca4a5bfc8.compressed_content.json,
America/Sao_Paulo,1463281200000,2016-11-18 14:14:23.176,2016-05-22 16:47:38.451,0,1,1,f1/7zwjou1,X,com.sec.android.app.shealth,20143785-2788-4919-b06e-afedfedd2857,20143785-2788-4919-b06e-afedfedd2857.compressed_content.json,
America/Sao_Paulo,1508637600000,2017-10-31 16:29:49.389,2017-10-29 16:32:18.935,0,0,1,n2OTyB17mi,X,com.sec.android.app.shealth,b46fd7e4-e1bc-48e3-93ac-c9045b8e24a9,b46fd7e4-e1bc-48e3-93ac-c9045b8e24a9.compressed_content.json,
America/Sao_Paulo,1506222000000,2017-10-02 17:30:09.333,2017-10-01 17:31:51.735,0,0,1,n2OTyB17mi,X,com.sec.android.app.shealth,bd99c17e-8fc2-47b8-9624-6a5b62121a89,bd99c17e-8fc2-47b8-9624-6a5b62121a89.compressed_content.json,
America/Sao_Paulo,1645326000000,2022-03-01 16:49:03.082,2022-03-01 16:48:43.553,0,0,2,yfgkJHa6g4,X,com.sec.android.app.shealth,24f0e391-8e70-49f0-ae28-aec8d42636b6,24f0e391-8e70-49f0-ae28-aec8d42636b6.compressed_content.json,
America/Sao_Paulo,1465095600000,2016-11-18 14:13:29.522,2016-06-12 16:55:11.542,0,1,1,f1/7zwjou1,X,com.sec.android.app.shealth,daa45559-1bb1-45d3-90f6-4d976cbac8e5,daa45559-1bb1-45d3-90f6-4d976cbac8e5.compressed_content.json,
America/Sao_Paulo,1650769200000,2022-05-02 16:42:22.791,2022-05-02 16:42:16.986,0,0,2,yfgkJHa6g4,X,com.sec.android.app.shealth,1612bfa8-d179-4a70-95de-411d13d72b7f,1612bfa8-d179-4a70-95de-411d13d72b7f.compressed_content.json,
America/Sao_Paulo,1485655200000,2017-02-05 16:30:47.567,2017-02-05 16:29:48.689,0,0,1,n2OTyB17mi,X,com.sec.android.app.shealth,4170f984-0b9b-481c-806c-809c9a136b3f,4170f984-0b9b-481c-806c-809c9a136b3f.compressed_content.json,
America/Sao_Paulo,1527994800000,2018-06-12 17:29:39.488,2018-06-10 17:32:25.480,0,0,1,n2OTyB17mi,X,com.sec.android.app.shealth,73dd66b8-c092-474e-944d-74834eba7291,73dd66b8-c092-474e-944d-74834eba7291.compressed_content.json,
America/Sao_Paulo,1478397600000,2016-11-18 14:12:27.447,2016-11-13 15:06:22.808,0,0,1,f1/7zwjou1,X,com.sec.android.app.shealth,3a7074a3-c3cc-4a27-95dc-fac01dc56188,3a7074a3-c3cc-4a27-95dc-fac01dc56188.compressed_content.json,
America/Sao_Paulo,1459652400000,2016-11-18 14:15:13.653,2016-04-11 16:39:30.196,0,1,1,f1/7zwjou1,X,com.sec.android.app.shealth,42ace4e8-0942-4c3c-b93c-da0b95bcd1c8,42ace4e8-0942-4c3c-b93c-da0b95bcd1c8.compressed_content.json,
America/Sao_Paulo,1654398000000,2022-06-12 16:42:30.354,2022-06-12 16:42:08.474,0,0,2,yfgkJHa6g4,X,com.sec.android.app.shealth,60ff002f-4c31-4047-a7f2-ba0b028720f3,60ff002f-4c31-4047-a7f2-ba0b028720f3.compressed_content.json,
America/Sao_Paulo,1458442800000,2016-11-18 14:15:14.936,2016-03-27 16:06:11.242,0,1,1,f1/7zwjou1,X,com.sec.android.app.shealth,595eed42-d191-43c4-9c47-97ff2d4f9abb,595eed42-d191-43c4-9c47-97ff2d4f9abb.compressed_content.json,
America/Sao_Paulo,1528599600000,2018-06-19 17:31:04.798,2018-06-17 17:31:10.644,0,0,1,n2OTyB17mi,X,com.sec.android.app.shealth,38d1bb33-468f-4550-94a9-69a11221e7e5,38d1bb33-468f-4550-94a9-69a11221e7e5.compressed_content.json,
America/Sao_Paulo,1486260000000,2017-02-12 16:32:01.769,2017-02-12 16:30:56.802,0,0,1,n2OTyB17mi,X,com.sec.android.app.shealth,a347be72-ffbc-40ae-a89b-38cd9611195a,a347be72-ffbc-40ae-a89b-38cd9611195a.compressed_content.json,
America/Sao_Paulo,1658026800000,2022-07-24 16:42:16.427,2022-07-24 16:42:09.147,0,0,2,yfgkJHa6g4,X,com.sec.android.app.shealth,4ba1fa37-d79b-445d-8b4c-4f3d3c367665,4ba1fa37-d79b-445d-8b4c-4f3d3c367665.compressed_content.json,
America/Sao_Paulo,1502593200000,2017-08-20 17:31:25.286,2017-08-20 17:30:14.741,0,0,1,n2OTyB17mi,X,com.sec.android.app.shealth,fd23a092-ed73-4327-8ba5-e435247be14a,fd23a092-ed73-4327-8ba5-e435247be14a.compressed_content.json,
America/Sao_Paulo,1501988400000,2017-08-14 17:29:38.239,2017-08-13 17:31:32.791,0,0,1,n2OTyB17mi,X,com.sec.android.app.shealth,395554f5-09eb-4438-9275-8bff4c74c3ae,395554f5-09eb-4438-9275-8bff4c74c3ae.compressed_content.json,
America/Sao_Paulo,1459047600000,2016-11-18 14:15:14.869,2016-04-03 16:15:23.723,0,1,1,f1/7zwjou1,X,com.sec.android.app.shealth,6a707bd1-c395-4dd0-a20d-ed428ed48247,6a707bd1-c395-4dd0-a20d-ed428ed48247.compressed_content.json,
America/Sao_Paulo,1488682800000,2017-03-12 17:31:02.598,2017-03-12 17:30:06.611,0,0,1,n2OTyB17mi,X,com.sec.android.app.shealth,120019a5-430a-4899-98ac-5459fca5a994,120019a5-430a-4899-98ac-5459fca5a994.compressed_content.json,
Europe/Lisbon,1518912000000,2018-02-25 14:31:46.092,2018-02-25 14:29:52.686,0,0,1,n2OTyB17mi,X,com.sec.android.app.shealth,3427eb38-de56-45e7-9fc4-d64caf1d57c7,3427eb38-de56-45e7-9fc4-d64caf1d57c7.compressed_content.json,
America/Sao_Paulo,1494126000000,2017-05-14 17:29:32.620,2017-05-14 17:29:31.021,0,0,1,n2OTyB17mi,X,com.sec.android.app.shealth,89946280-34de-45fe-8ed0-994f3d31f453,89946280-34de-45fe-8ed0-994f3d31f453.compressed_content.json,
America/Sao_Paulo,1498359600000,2017-07-03 17:29:56.853,2017-07-02 17:30:30.918,0,0,1,n2OTyB17mi,X,com.sec.android.app.shealth,42fdb498-dba7-45d0-bda0-47e1426fe714,42fdb498-dba7-45d0-bda0-47e1426fe714.compressed_content.json,
America/Sao_Paulo,1485050400000,2017-01-30 17:07:59.551,2017-01-29 16:30:22.658,0,0,1,n2OTyB17mi,X,com.sec.android.app.shealth,36c1daf7-c594-424b-aabd-68acf147c489,36c1daf7-c594-424b-aabd-68acf147c489.compressed_content.json,
America/Sao_Paulo,1663470000000,2022-09-25 16:42:16.594,2022-09-25 16:42:16.594,0,0,2,yfgkJHa6g4,X,com.sec.android.app.shealth,655c4446-4754-43ed-b2e7-2642d5890058,655c4446-4754-43ed-b2e7-2642d5890058.compressed_content.json,
America/Sao_Paulo,1501383600000,2017-08-07 17:29:31.614,2017-08-06 17:31:00.192,0,0,1,n2OTyB17mi,X,com.sec.android.app.shealth,c6645595-9897-427b-aeef-e955f94bb48b,c6645595-9897-427b-aeef-e955f94bb48b.compressed_content.json,
America/Sao_Paulo,1529809200000,2018-07-04 17:31:21.833,2018-07-01 17:30:54.626,0,0,1,n2OTyB17mi,X,com.sec.android.app.shealth,8ab0eed8-12d7-4579-b452-ce1e728a8a68,8ab0eed8-12d7-4579-b452-ce1e728a8a68.compressed_content.json,
America/Sao_Paulo,1509847200000,2017-11-14 16:30:53.642,2017-11-12 16:29:31.535,0,0,1,n2OTyB17mi,X,com.sec.android.app.shealth,e15c7e9c-d144-4cd0-a97d-d4415396be35,e15c7e9c-d144-4cd0-a97d-d4415396be35.compressed_content.json,
America/Sao_Paulo,1670122800000,2022-12-15 16:41:50.821,2022-12-15 16:41:50.821,0,0,2,yfgkJHa6g4,X,com.sec.android.app.shealth,c363ba66-c3e1-40ad-85d5-8434aa866643,c363ba66-c3e1-40ad-85d5-8434aa866643.compressed_content.json,
America/Sao_Paulo,1507435200000,2017-10-16 16:30:10.108,2017-10-15 16:33:30.259,0,0,1,n2OTyB17mi,X,com.sec.android.app.shealth,76193bfc-43e4-46c7-b582-da9471600809,76193bfc-43e4-46c7-b582-da9471600809.compressed_content.json,
America/Sao_Paulo,1472958000000,2016-11-18 14:12:37.371,2016-09-11 16:04:40.835,0,0,1,f1/7zwjou1,X,com.sec.android.app.shealth,047266f2-d4cf-4db8-b5e5-4f490a657e54,047266f2-d4cf-4db8-b5e5-4f490a657e54.compressed_content.json,
America/Sao_Paulo,1461466800000,2016-11-18 14:15:06.973,2016-05-01 16:50:16.893,0,1,1,f1/7zwjou1,X,com.sec.android.app.shealth,d4c66aa0-9ae5-48e3-8e50-63321824b904,d4c66aa0-9ae5-48e3-8e50-63321824b904.compressed_content.json,
America/Sao_Paulo,1469934000000,2016-11-18 14:12:38.423,2016-08-07 18:34:41.344,0,0,1,f1/7zwjou1,X,com.sec.android.app.shealth,85526ae5-db94-48fd-987c-611945116e19,85526ae5-db94-48fd-987c-611945116e19.compressed_content.json,
America/Sao_Paulo,1510452000000,2017-11-19 16:29:49.145,2017-11-19 16:29:47.974,0,0,1,n2OTyB17mi,X,com.sec.android.app.shealth,2c900e1e-69ed-4ae2-9b6a-9f8ce66bf977,2c900e1e-69ed-4ae2-9b6a-9f8ce66bf977.compressed_content.json,
America/Sao_Paulo,1475377200000,2016-11-18 14:12:28.537,2016-10-10 16:05:33.056,0,0,1,f1/7zwjou1,X,com.sec.android.app.shealth,f8de3fb4-dda2-474b-88d0-1f8410f6d26d,f8de3fb4-dda2-474b-88d0-1f8410f6d26d.compressed_content.json,
America/Sao_Paulo,1515290400000,2018-01-14 16:29:34.496,2018-01-14 16:29:31.081,0,0,1,n2OTyB17mi,X,com.sec.android.app.shealth,454a640c-c3f4-4847-b1d7-b910f515393b,454a640c-c3f4-4847-b1d7-b910f515393b.compressed_content.json,
America/Sao_Paulo,1503198000000,2017-08-27 17:30:36.545,2017-08-27 17:29:48.276,0,0,1,n2OTyB17mi,X,com.sec.android.app.shealth,24041c59-83ea-4c2a-84a1-3c20381c760c,24041c59-83ea-4c2a-84a1-3c20381c760c.compressed_content.json,
America/Sao_Paulo,1464490800000,2016-11-18 14:13:54.406,2016-06-05 17:00:41.707,0,1,1,f1/7zwjou1,X,com.sec.android.app.shealth,1fe81870-2e96-4d6f-80ee-5b0151645d3e,1fe81870-2e96-4d6f-80ee-5b0151645d3e.compressed_content.json,
America/Sao_Paulo,1474167600000,2016-11-18 14:12:29.450,2016-09-25 16:05:24.896,0,0,1,f1/7zwjou1,X,com.sec.android.app.shealth,f296a50d-e14f-4704-b06c-16d2f2a2f293,f296a50d-e14f-4704-b06c-16d2f2a2f293.compressed_content.json,
America/Sao_Paulo,1499569200000,2017-07-16 17:31:23.434,2017-07-16 17:30:26.634,0,0,1,n2OTyB17mi,X,com.sec.android.app.shealth,d743f110-b4f9-4f23-92c6-eaa549fae504,d743f110-b4f9-4f23-92c6-eaa549fae504.compressed_content.json,
America/Sao_Paulo,1469329200000,2016-11-18 14:12:38.682,2016-07-31 18:19:16.667,0,0,1,f1/7zwjou1,X,com.sec.android.app.shealth,e431ffaf-dd23-447f-bceb-3d783cc4ac60,e431ffaf-dd23-447f-bceb-3d783cc4ac60.compressed_content.json,
America/Sao_Paulo,1474772400000,2016-11-18 14:12:28.667,2016-10-02 16:05:07.558,0,0,1,f1/7zwjou1,X,com.sec.android.app.shealth,5774b793-3cab-41c4-807a-51ba773b438f,5774b793-3cab-41c4-807a-51ba773b438f.compressed_content.json,
America/Sao_Paulo,1465700400000,2016-11-18 14:12:53.579,2016-06-20 17:04:39.957,0,0,1,f1/7zwjou1,X,com.sec.android.app.shealth,9e9f1aeb-bc71-4e65-ba88-adc8c85b7299,9e9f1aeb-bc71-4e65-ba88-adc8c85b7299.compressed_content.json,
America/Sao_Paulo,1552186800000,2019-03-23 17:29:36.895,2019-03-17 17:30:25.256,0,0,2,zjIwstRrv1,X,com.sec.android.app.shealth,a052fd6f-6a55-456c-b4b1-ec95ef9c42e1,a052fd6f-6a55-456c-b4b1-ec95ef9c42e1.compressed_content.json,
America/Sao_Paulo,1542506400000,2018-12-01 16:30:36.205,2018-11-26 16:43:42.624,0,0,2,zjIwstRrv1,X,com.sec.android.app.shealth,3904a23c-0d11-4f85-b43a-5cef79ec3a23,3904a23c-0d11-4f85-b43a-5cef79ec3a23.compressed_content.json,
America/Sao_Paulo,1462071600000,2016-11-18 14:14:40.150,2016-05-08 16:11:03.016,0,1,1,f1/7zwjou1,X,com.sec.android.app.shealth,d0681156-a372-4500-9985-967793e633fb,d0681156-a372-4500-9985-967793e633fb.compressed_content.json,
America/Sao_Paulo,1534042800000,2018-08-21 17:33:03.322,2018-08-19 17:30:16.818,0,0,1,n2OTyB17mi,X,com.sec.android.app.shealth,b3b418d0-17ef-4011-8af8-792f5c4826e9,b3b418d0-17ef-4011-8af8-792f5c4826e9.compressed_content.json,
America/Sao_Paulo,1545530400000,2019-01-05 16:30:07.485,2018-12-30 16:29:46.083,0,0,2,zjIwstRrv1,X,com.sec.android.app.shealth,3657a42c-d933-4bcf-bab1-08511576f218,3657a42c-d933-4bcf-bab1-08511576f218.compressed_content.json,
America/Sao_Paulo,1466305200000,2016-11-18 14:12:39.540,2016-06-26 16:01:16.062,0,0,1,f1/7zwjou1,X,com.sec.android.app.shealth,de33a46e-7fd5-4035-9da3-f89524a1aca4,de33a46e-7fd5-4035-9da3-f89524a1aca4.compressed_content.json,
America/Sao_Paulo,1549159200000,2019-02-16 16:30:14.585,2019-02-10 16:31:04.490,0,0,2,zjIwstRrv1,X,com.sec.android.app.shealth,1f85febe-2a8c-49c9-b019-171961712cc0,1f85febe-2a8c-49c9-b019-171961712cc0.compressed_content.json,
America/Sao_Paulo,1516500000000,2018-01-31 16:29:33.392,2018-01-28 16:29:59.556,0,0,1,n2OTyB17mi,X,com.sec.android.app.shealth,bca83b31-a93f-4e9e-b0ff-ad34dd0fa87d,bca83b31-a93f-4e9e-b0ff-ad34dd0fa87d.compressed_content.json,
Europe/Lisbon,1564268400000,2019-08-07 13:30:14.016,2019-08-04 13:29:55.935,0,0,2,zjIwstRrv1,X,com.sec.android.app.shealth,caef450d-36a7-4d52-a88c-f41905747214,caef450d-36a7-4d52-a88c-f41905747214.compressed_content.json,
America/Sao_Paulo,1505012400000,2017-09-17 17:30:44.695,2017-09-17 17:29:31.903,0,0,1,n2OTyB17mi,X,com.sec.android.app.shealth,951e5552-0df2-46e8-9c11-6222392ceecb,951e5552-0df2-46e8-9c11-6222392ceecb.compressed_content.json,
America/Sao_Paulo,1566702000000,2019-09-07 17:30:13.283,2019-09-01 17:29:37.665,0,0,2,zjIwstRrv1,X,com.sec.android.app.shealth,76c7f735-8fa7-4af3-abc3-704b382e9609,76c7f735-8fa7-4af3-abc3-704b382e9609.compressed_content.json,
America/Sao_Paulo,1551582000000,2019-03-16 17:29:34.884,2019-03-10 17:29:48.343,0,0,2,zjIwstRrv1,X,com.sec.android.app.shealth,2ee295ba-83a3-4d95-8738-551499d6017b,2ee295ba-83a3-4d95-8738-551499d6017b.compressed_content.json,
America/Sao_Paulo,1492916400000,2017-04-30 17:31:01.556,2017-04-30 17:30:02.613,0,0,1,n2OTyB17mi,X,com.sec.android.app.shealth,fc74fa0c-b8ff-4e9a-bb8c-71093e8c95ab,fc74fa0c-b8ff-4e9a-bb8c-71093e8c95ab.compressed_content.json,
America/Sao_Paulo,1554606000000,2019-04-20 17:33:43.659,2019-04-14 17:30:12.384,0,0,2,zjIwstRrv1,X,com.sec.android.app.shealth,83cecf51-2728-4df8-ad88-fc1df5520d97,83cecf51-2728-4df8-ad88-fc1df5520d97.compressed_content.json,
America/Sao_Paulo,1524970800000,2018-05-07 17:29:48.859,2018-05-06 17:29:30.489,0,0,1,n2OTyB17mi,X,com.sec.android.app.shealth,b45828af-4f27-46c8-8720-2bd298271ad3,b45828af-4f27-46c8-8720-2bd298271ad3.compressed_content.json,
America/Sao_Paulo,1503802800000,2017-09-04 17:29:33.188,2017-09-03 17:30:44.670,0,0,1,n2OTyB17mi,X,com.sec.android.app.shealth,9709f221-c090-401d-8920-c6d0fa044ea6,9709f221-c090-401d-8920-c6d0fa044ea6.compressed_content.json,
Europe/Lisbon,1563663600000,2019-08-03 13:36:03.752,2019-07-28 13:29:37.227,0,0,2,zjIwstRrv1,X,com.sec.android.app.shealth,d2bc84eb-8eb7-4231-995b-503488ed60b4,d2bc84eb-8eb7-4231-995b-503488ed60b4.compressed_content.json,
America/Sao_Paulo,1541901600000,2018-11-24 16:30:16.338,2018-11-18 16:29:34.422,0,0,2,zjIwstRrv1,X,com.sec.android.app.shealth,1eaed4ce-cea0-469b-bf9b-15b210effa5b,1eaed4ce-cea0-469b-bf9b-15b210effa5b.compressed_content.json,
America/Sao_Paulo,1526785200000,2018-05-27 17:29:33.761,2018-05-27 17:29:32.720,0,0,1,n2OTyB17mi,X,com.sec.android.app.shealth,7cb8ba86-392c-4e0c-bc70-277adb3a6d8b,7cb8ba86-392c-4e0c-bc70-277adb3a6d8b.compressed_content.json,
America/Sao_Paulo,1567911600000,2019-09-21 17:30:29.717,2019-09-15 17:30:04.597,0,0,2,zjIwstRrv1,X,com.sec.android.app.shealth,e713be11-6237-4fe3-b0ae-de9aed19862e,e713be11-6237-4fe3-b0ae-de9aed19862e.compressed_content.json,
America/Sao_Paulo,1500174000000,2017-07-23 17:31:35.162,2017-07-23 17:30:35.681,0,0,1,n2OTyB17mi,X,com.sec.android.app.shealth,03b2f367-b9c5-4a57-877f-869075dfbd5d,03b2f367-b9c5-4a57-877f-869075dfbd5d.compressed_content.json,
America/Sao_Paulo,1483840800000,2017-01-15 16:30:36.849,2017-01-15 16:29:39.380,0,0,1,n2OTyB17mi,X,com.sec.android.app.shealth,c7cae1b4-02bc-4412-af73-e25bb3fa4fd6,c7cae1b4-02bc-4412-af73-e25bb3fa4fd6.compressed_content.json,
America/Sao_Paulo,1537671600000,2018-10-06 17:30:16.750,2018-09-30 17:30:14.561,0,0,2,zjIwstRrv1,X,com.sec.android.app.shealth,2978a5ad-0346-4c27-a8b3-dd636fbad003,2978a5ad-0346-4c27-a8b3-dd636fbad003.compressed_content.json,
America/Sao_Paulo,1557025200000,2019-05-18 17:30:08.193,2019-05-12 17:29:31.712,0,0,2,zjIwstRrv1,X,com.sec.android.app.shealth,fd58fcc9-70b7-40f6-a1ba-257941f5e754,fd58fcc9-70b7-40f6-a1ba-257941f5e754.compressed_content.json,
America/Sao_Paulo,1532228400000,2018-07-30 17:30:42.011,2018-07-29 17:31:34.401,0,0,1,n2OTyB17mi,X,com.sec.android.app.shealth,7fc313da-fefb-4fac-9c12-7ce2d7a1a16f,7fc313da-fefb-4fac-9c12-7ce2d7a1a16f.compressed_content.json,
America/Sao_Paulo,1489287600000,2017-03-19 17:30:49.390,2017-03-19 17:29:39.377,0,0,1,n2OTyB17mi,X,com.sec.android.app.shealth,30261418-2ff2-49a6-85aa-45c8bdad4b39,30261418-2ff2-49a6-85aa-45c8bdad4b39.compressed_content.json,
America/Sao_Paulo,1512266400000,2017-12-10 16:29:44.261,2017-12-10 16:29:40.957,0,0,1,n2OTyB17mi,X,com.sec.android.app.shealth,44e32b0b-cfc3-46f1-95c3-25ef48400851,44e32b0b-cfc3-46f1-95c3-25ef48400851.compressed_content.json,
America/Sao_Paulo,1563073200000,2019-07-23 17:32:08.758,2019-07-21 17:29:51.755,0,0,2,zjIwstRrv1,X,com.sec.android.app.shealth,25aad176-daa4-48a2-ae55-850c6f30188c,25aad176-daa4-48a2-ae55-850c6f30188c.compressed_content.json,
America/Sao_Paulo,1544320800000,2018-12-22 16:30:07.060,2018-12-16 16:30:20.705,0,0,2,zjIwstRrv1,X,com.sec.android.app.shealth,d3734297-5d9e-439b-a669-335645e347c9,d3734297-5d9e-439b-a669-335645e347c9.compressed_content.json,
America/Sao_Paulo,1475985600000,2016-11-18 14:12:28.185,2016-10-16 15:04:27.034,0,0,1,f1/7zwjou1,X,com.sec.android.app.shealth,35849be7-a986-4d3d-8e28-2040fbc36655,35849be7-a986-4d3d-8e28-2040fbc36655.compressed_content.json,
America/Sao_Paulo,1512871200000,2017-12-17 16:31:23.971,2017-12-17 16:30:17.079,0,0,1,n2OTyB17mi,X,com.sec.android.app.shealth,fc26ebde-326b-48d8-ae8e-a6c407f2dd72,fc26ebde-326b-48d8-ae8e-a6c407f2dd72.compressed_content.json,
America/Sao_Paulo,1555815600000,2019-05-04 17:30:57.340,2019-04-28 17:29:33.250,0,0,2,zjIwstRrv1,X,com.sec.android.app.shealth,bf2dd1d6-6ce9-4636-ba33-79fbf5e45692,bf2dd1d6-6ce9-4636-ba33-79fbf5e45692.compressed_content.json,
America/Sao_Paulo,1560049200000,2019-06-22 17:29:57.000,2019-06-16 17:30:00.617,0,0,2,zjIwstRrv1,X,com.sec.android.app.shealth,f5aa8bcb-14c6-4eea-9908-1b34fe7a4806,f5aa8bcb-14c6-4eea-9908-1b34fe7a4806.compressed_content.json,
America/Sao_Paulo,1523156400000,2018-04-16 17:29:36.901,2018-04-15 17:31:31.733,0,0,1,n2OTyB17mi,X,com.sec.android.app.shealth,75ad7db4-dd9a-4c22-9cfa-f3a6f8c2694b,75ad7db4-dd9a-4c22-9cfa-f3a6f8c2694b.compressed_content.json,
America/Sao_Paulo,1489892400000,2017-03-27 17:30:47.071,2017-03-26 17:30:22.597,0,0,1,n2OTyB17mi,X,com.sec.android.app.shealth,bebdf195-e995-4266-9219-0369f89a910c,bebdf195-e995-4266-9219-0369f89a910c.compressed_content.json,
America/Sao_Paulo,1549764000000,2019-02-23 17:30:08.071,2019-02-17 17:31:17.797,0,0,2,zjIwstRrv1,X,com.sec.android.app.shealth,290718ef-3468-47c5-86a5-17d6740314d3,290718ef-3468-47c5-86a5-17d6740314d3.compressed_content.json,
America/Sao_Paulo,1540699200000,2018-11-10 16:29:36.577,2018-11-04 16:29:33.382,0,0,2,zjIwstRrv1,X,com.sec.android.app.shealth,f8056415-c164-46c7-ba08-acb238008749,f8056415-c164-46c7-ba08-acb238008749.compressed_content.json,
America/Sao_Paulo,1473562800000,2016-11-18 14:12:30.051,2016-09-18 16:04:13.371,0,0,1,f1/7zwjou1,X,com.sec.android.app.shealth,8b584f7d-2ddd-40ee-a8cd-2c7d0c438f92,8b584f7d-2ddd-40ee-a8cd-2c7d0c438f92.compressed_content.json,
America/Sao_Paulo,1530414000000,2018-07-10 17:30:45.049,2018-07-08 17:31:23.152,0,0,1,n2OTyB17mi,X,com.sec.android.app.shealth,5b617be0-c799-4282-b2d2-6a3ed8f9bbae,5b617be0-c799-4282-b2d2-6a3ed8f9bbae.compressed_content.json,
America/Sao_Paulo,1533438000000,2018-08-12 17:29:56.502,2018-08-12 17:29:54.491,0,0,1,n2OTyB17mi,X,com.sec.android.app.shealth,0b8b35de-f20c-4300-9fa0-3291d6305984,0b8b35de-f20c-4300-9fa0-3291d6305984.compressed_content.json,
America/Sao_Paulo,1491706800000,2017-04-16 17:31:09.635,2017-04-16 17:29:35.392,0,0,1,n2OTyB17mi,X,com.sec.android.app.shealth,13d27b23-663f-4e90-99c2-d701c05cf967,13d27b23-663f-4e90-99c2-d701c05cf967.compressed_content.json,
America/Sao_Paulo,1569726000000,2019-10-06 16:41:50.570,2019-10-06 16:41:45.809,0,0,2,yfgkJHa6g4,X,com.sec.android.app.shealth,4041824b-9656-4baa-bbb4-2655e5bfa223,4041824b-9656-4baa-bbb4-2655e5bfa223.compressed_content.json,
America/Sao_Paulo,1517709600000,2018-02-12 16:31:17.613,2018-02-11 16:29:58.025,0,0,1,n2OTyB17mi,X,com.sec.android.app.shealth,5c609226-b35b-48b5-b729-a14fbbcafaf9,5c609226-b35b-48b5-b729-a14fbbcafaf9.compressed_content.json,
America/Sao_Paulo,1569121200000,2019-09-29 16:42:29.716,2019-09-29 16:42:24.821,0,0,2,yfgkJHa6g4,X,com.sec.android.app.shealth,dbe6a629-0010-4bcb-bcc1-1e189d3ffb2b,dbe6a629-0010-4bcb-bcc1-1e189d3ffb2b.compressed_content.json,
America/Sao_Paulo,1540090800000,2018-11-03 17:30:20.876,2018-10-29 17:31:41.067,0,0,2,zjIwstRrv1,X,com.sec.android.app.shealth,93861c7b-5f55-48ee-805b-590835609bee,93861c7b-5f55-48ee-805b-590835609bee.compressed_content.json,
America/Sao_Paulo,1573354800000,2019-11-17 16:41:46.830,2019-11-17 16:41:44.789,0,0,2,yfgkJHa6g4,X,com.sec.android.app.shealth,3b74a644-40a7-4052-b7e1-2f801b52bd86,3b74a644-40a7-4052-b7e1-2f801b52bd86.compressed_content.json,
America/Sao_Paulo,1564282800000,2019-08-10 17:29:46.985,2019-08-08 17:30:03.640,0,0,2,zjIwstRrv1,X,com.sec.android.app.shealth,723ee100-1ccf-4537-b741-2e24d521b770,723ee100-1ccf-4537-b741-2e24d521b770.compressed_content.json,
America/Sao_Paulo,1572750000000,2019-11-10 16:42:02.910,2019-11-10 16:42:01.148,0,0,2,yfgkJHa6g4,X,com.sec.android.app.shealth,1a52364d-1156-4560-a8e7-0324780f1604,1a52364d-1156-4560-a8e7-0324780f1604.compressed_content.json,
America/Sao_Paulo,1567306800000,2019-09-14 17:31:49.092,2019-09-08 17:30:04.617,0,0,2,zjIwstRrv1,X,com.sec.android.app.shealth,b06b2c56-e888-4c04-972a-3bb3d3540332,b06b2c56-e888-4c04-972a-3bb3d3540332.compressed_content.json,
America/Sao_Paulo,1576983600000,2019-12-29 16:42:03.866,2019-12-29 16:42:00.855,0,0,2,yfgkJHa6g4,X,com.sec.android.app.shealth,c5f77400-b657-46e1-931c-45568abf393e,c5f77400-b657-46e1-931c-45568abf393e.compressed_content.json,
America/Sao_Paulo,1531018800000,2018-07-15 17:29:53.198,2018-07-15 17:29:51.312,0,0,1,n2OTyB17mi,X,com.sec.android.app.shealth,5da703ff-393e-4796-a3cb-7ec82a114659,5da703ff-393e-4796-a3cb-7ec82a114659.compressed_content.json,
America/Sao_Paulo,1576378800000,2019-12-22 16:41:50.197,2019-12-22 16:41:49.020,0,0,2,yfgkJHa6g4,X,com.sec.android.app.shealth,d8208afe-3824-4a89-a5c1-2ba8bce412d4,d8208afe-3824-4a89-a5c1-2ba8bce412d4.compressed_content.json,
America/Sao_Paulo,1555210800000,2019-04-27 17:30:08.223,2019-04-21 17:30:08.306,0,0,2,zjIwstRrv1,X,com.sec.android.app.shealth,0c523d18-81a2-438d-8d5e-cdb53d681e3f,0c523d18-81a2-438d-8d5e-cdb53d681e3f.compressed_content.json,
America/Sao_Paulo,1536462000000,2018-09-22 17:30:39.545,2018-09-16 17:29:37.545,0,0,2,zjIwstRrv1,X,com.sec.android.app.shealth,d6bbaee4-2f71-4461-8db2-94fe178c3083,d6bbaee4-2f71-4461-8db2-94fe178c3083.compressed_content.json,
Europe/Lisbon,1580601600000,2020-02-10 13:42:05.358,2020-02-09 16:43:20.957,0,0,2,yfgkJHa6g4,X,com.sec.android.app.shealth,977dfa95-b9f0-4961-aacf-4f2790de98e9,977dfa95-b9f0-4961-aacf-4f2790de98e9.compressed_content.json,
America/Sao_Paulo,1580007600000,2020-02-02 16:42:05.760,2020-02-02 16:42:03.895,0,0,2,yfgkJHa6g4,X,com.sec.android.app.shealth,de9ad021-eef1-4337-8169-984980a0dd33,de9ad021-eef1-4337-8169-984980a0dd33.compressed_content.json,
America/Sao_Paulo,1566097200000,2019-08-31 17:30:17.915,2019-08-25 17:29:36.805,0,0,2,zjIwstRrv1,X,com.sec.android.app.shealth,485bcdc3-7e0b-47f6-92b2-aadbd276912e,485bcdc3-7e0b-47f6-92b2-aadbd276912e.compressed_content.json,
America/Sao_Paulo,1584241200000,2020-03-22 16:42:04.296,2020-03-22 16:42:00.861,0,0,2,yfgkJHa6g4,X,com.sec.android.app.shealth,36548ce4-6ba5-458b-8767-3731fd0026d1,36548ce4-6ba5-458b-8767-3731fd0026d1.compressed_content.json,
America/Sao_Paulo,1553396400000,2019-04-06 17:29:46.713,2019-03-31 17:29:34.733,0,0,2,zjIwstRrv1,X,com.sec.android.app.shealth,40b97672-f299-4f94-b844-081e2e01e1fd,40b97672-f299-4f94-b844-081e2e01e1fd.compressed_content.json,
America/Sao_Paulo,1583636400000,2020-03-15 16:41:47.305,2020-03-15 16:41:42.218,0,0,2,yfgkJHa6g4,X,com.sec.android.app.shealth,2d3910a4-3c85-4194-92d3-1d4a216fdd0e,2d3910a4-3c85-4194-92d3-1d4a216fdd0e.compressed_content.json,
America/Sao_Paulo,1554001200000,2019-04-13 17:31:06.985,2019-04-07 17:30:03.677,0,0,2,zjIwstRrv1,X,com.sec.android.app.shealth,17f69de3-d1de-49db-8911-20552fcc39b7,17f69de3-d1de-49db-8911-20552fcc39b7.compressed_content.json,
America/Sao_Paulo,1587870000000,2020-05-03 16:41:45.658,2020-05-03 16:41:41.612,0,0,2,yfgkJHa6g4,X,com.sec.android.app.shealth,c07e88d2-402a-45db-8fb8-e92e9ef00560,c07e88d2-402a-45db-8fb8-e92e9ef00560.compressed_content.json,
America/Sao_Paulo,1587265200000,2020-04-27 16:42:17.490,2020-04-26 16:41:43.857,0,0,2,yfgkJHa6g4,X,com.sec.android.app.shealth,38c5e37c-f139-4acb-9059-bda5526dd868,38c5e37c-f139-4acb-9059-bda5526dd868.compressed_content.json,
America/Sao_Paulo,1539486000000,2018-10-27 17:29:49.679,2018-10-21 17:29:30.716,0,0,2,zjIwstRrv1,X,com.sec.android.app.shealth,ce95bb93-5db4-45ef-b4e5-f46da0fa64f6,ce95bb93-5db4-45ef-b4e5-f46da0fa64f6.compressed_content.json,
Europe/Lisbon,1563058800000,2019-07-27 13:29:37.040,2019-07-26 13:30:22.310,0,0,2,zjIwstRrv1,X,com.sec.android.app.shealth,65497df3-62bf-40f5-ab19-1cf2ea47aca0,65497df3-62bf-40f5-ab19-1cf2ea47aca0.compressed_content.json,
America/Sao_Paulo,1591498800000,2020-06-14 16:42:53.396,2020-06-14 16:42:29.572,0,0,2,yfgkJHa6g4,X,com.sec.android.app.shealth,cead1b2d-ecb7-4f0a-80fe-578e45210ed0,cead1b2d-ecb7-4f0a-80fe-578e45210ed0.compressed_content.json,
America/Sao_Paulo,1535857200000,2018-09-15 17:30:05.301,2018-09-09 17:30:07.481,0,0,2,zjIwstRrv1,X,com.sec.android.app.shealth,e45eb8bd-3c4a-42aa-a2df-a05d310c0a0d,e45eb8bd-3c4a-42aa-a2df-a05d310c0a0d.compressed_content.json,
America/Sao_Paulo,1537066800000,2018-09-29 17:30:47.024,2018-09-24 17:30:01.557,0,0,2,zjIwstRrv1,X,com.sec.android.app.shealth,be199ba5-7105-455b-875e-05dfa218b916,be199ba5-7105-455b-875e-05dfa218b916.compressed_content.json,
America/Sao_Paulo,1590894000000,2020-06-09 16:41:50.804,2020-06-07 16:42:21.854,0,0,2,yfgkJHa6g4,X,com.sec.android.app.shealth,127c984a-9bf0-4571-87a6-7d88956f36e5,127c984a-9bf0-4571-87a6-7d88956f36e5.compressed_content.json,
America/Sao_Paulo,1595127600000,2020-07-28 16:42:04.871,2020-07-26 16:42:03.449,0,0,2,yfgkJHa6g4,X,com.sec.android.app.shealth,ea095c98-2021-4021-9208-a9c2720e6aac,ea095c98-2021-4021-9208-a9c2720e6aac.compressed_content.json,
America/Sao_Paulo,1535252400000,2018-09-02 17:30:24.589,2018-09-02 17:30:21.246,0,0,1,n2OTyB17mi,X,com.sec.android.app.shealth,1c804174-0120-4793-b0d5-925f734082ce,1c804174-0120-4793-b0d5-925f734082ce.compressed_content.json,
America/Sao_Paulo,1543716000000,2018-12-15 16:31:30.587,2018-12-09 16:29:40.347,0,0,2,zjIwstRrv1,X,com.sec.android.app.shealth,bbd891ef-b0a4-4bc9-94d5-24a1c9d9354b,bbd891ef-b0a4-4bc9-94d5-24a1c9d9354b.compressed_content.json,
America/Sao_Paulo,1594522800000,2020-07-20 16:41:43.705,2020-07-19 16:41:47.951,0,0,2,yfgkJHa6g4,X,com.sec.android.app.shealth,660d8455-ec89-4594-b684-9809a241905b,660d8455-ec89-4594-b684-9809a241905b.compressed_content.json,
America/Sao_Paulo,1598756400000,2020-09-07 16:42:18.669,2020-09-06 16:42:35.694,0,0,2,yfgkJHa6g4,X,com.sec.android.app.shealth,7d811525-06e7-4555-83ca-f4a635c46e06,7d811525-06e7-4555-83ca-f4a635c46e06.compressed_content.json,
America/Sao_Paulo,1558234800000,2019-06-01 17:31:44.642,2019-05-26 17:30:18.783,0,0,2,zjIwstRrv1,X,com.sec.android.app.shealth,9781d422-b3cf-4346-9a71-6db4f366917c,9781d422-b3cf-4346-9a71-6db4f366917c.compressed_content.json,
America/Sao_Paulo,1559444400000,2019-06-15 17:34:26.598,2019-06-09 17:29:44.366,0,0,2,zjIwstRrv1,X,com.sec.android.app.shealth,0e6faedd-2319-49e0-aacf-73d722e88310,0e6faedd-2319-49e0-aacf-73d722e88310.compressed_content.json,
America/Sao_Paulo,1602385200000,2020-10-20 16:41:54.482,2020-10-18 16:42:16.685,0,0,2,yfgkJHa6g4,X,com.sec.android.app.shealth,93335e3e-2095-415f-8a7d-a2b13eddbcac,93335e3e-2095-415f-8a7d-a2b13eddbcac.compressed_content.json,
America/Sao_Paulo,1541300400000,2018-11-17 16:29:51.149,2018-11-11 16:29:56.410,0,0,2,zjIwstRrv1,X,com.sec.android.app.shealth,398de608-b8fc-4aa8-9759-f2b66542bae9,398de608-b8fc-4aa8-9759-f2b66542bae9.compressed_content.json,
America/Sao_Paulo,1598151600000,2020-08-31 16:41:42.095,2020-08-30 16:41:57.047,0,0,2,yfgkJHa6g4,X,com.sec.android.app.shealth,8b826c3d-993e-45f5-b275-01bca4fee25a,8b826c3d-993e-45f5-b275-01bca4fee25a.compressed_content.json,
America/Sao_Paulo,1560654000000,2019-06-29 17:29:34.658,2019-06-23 17:29:38.801,0,0,2,zjIwstRrv1,X,com.sec.android.app.shealth,ce583751-ea1c-42e5-b052-8ae4ccfce561,ce583751-ea1c-42e5-b052-8ae4ccfce561.compressed_content.json,
America/Sao_Paulo,1606014000000,2020-12-03 16:42:02.672,2020-11-29 16:42:00.880,0,0,2,yfgkJHa6g4,X,com.sec.android.app.shealth,891a3b9d-d662-4d58-b48b-df8929912517,891a3b9d-d662-4d58-b48b-df8929912517.compressed_content.json,
America/Sao_Paulo,1601780400000,2020-10-12 16:41:42.875,2020-10-11 16:41:41.802,0,0,2,yfgkJHa6g4,X,com.sec.android.app.shealth,0a427a75-ab49-4bd8-84dc-bc619472eeeb,0a427a75-ab49-4bd8-84dc-bc619472eeeb.compressed_content.json,
America/Sao_Paulo,1556420400000,2019-05-11 17:29:52.691,2019-05-05 17:29:35.257,0,0,2,zjIwstRrv1,X,com.sec.android.app.shealth,ed973c9b-1f59-462a-affa-0ebd26fd08de,ed973c9b-1f59-462a-affa-0ebd26fd08de.compressed_content.json,
America/Sao_Paulo,1544925600000,2018-12-29 16:30:10.746,2018-12-23 16:30:32.923,0,0,2,zjIwstRrv1,X,com.sec.android.app.shealth,56bff89b-3e90-4f71-baa9-458d67420995,56bff89b-3e90-4f71-baa9-458d67420995.compressed_content.json,
America/Sao_Paulo,1605409200000,2020-11-23 16:41:42.066,2020-11-22 16:42:19.035,0,0,2,yfgkJHa6g4,X,com.sec.android.app.shealth,b0de0e53-3084-46fc-9976-765b60fdfa8c,b0de0e53-3084-46fc-9976-765b60fdfa8c.compressed_content.json,
America/Sao_Paulo,1565492400000,2019-08-24 17:30:30.634,2019-08-18 17:41:33.793,0,0,2,zjIwstRrv1,X,com.sec.android.app.shealth,6cef1cf3-33a8-48cc-8a87-7f86926acc9c,6cef1cf3-33a8-48cc-8a87-7f86926acc9c.compressed_content.json,
America/Sao_Paulo,1570330800000,2019-10-13 16:42:02.481,2019-10-13 16:42:00.688,0,0,2,yfgkJHa6g4,X,com.sec.android.app.shealth,d2687c4a-74df-47c4-8878-b43dc1a4ec4f,d2687c4a-74df-47c4-8878-b43dc1a4ec4f.compressed_content.json,
America/Sao_Paulo,1610247600000,2021-01-18 16:42:01.977,2021-01-18 16:42:00.737,0,0,2,yfgkJHa6g4,X,com.sec.android.app.shealth,ee631ada-12a7-4657-b508-31d00c2ffc1f,ee631ada-12a7-4657-b508-31d00c2ffc1f.compressed_content.json,
America/Sao_Paulo,1609642800000,2021-01-12 16:41:49.550,2021-01-10 16:41:41.778,0,0,2,yfgkJHa6g4,X,com.sec.android.app.shealth,45f90d80-7169-4e76-be23-0901d389904e,45f90d80-7169-4e76-be23-0901d389904e.compressed_content.json,
America/Sao_Paulo,1613876400000,2021-02-28 16:42:08.071,2021-02-28 16:42:02.481,0,0,2,yfgkJHa6g4,X,com.sec.android.app.shealth,8aab276e-6e84-4085-866d-ae736b03149d,8aab276e-6e84-4085-866d-ae736b03149d.compressed_content.json,
America/Sao_Paulo,1573959600000,2019-11-24 16:42:02.051,2019-11-24 16:42:00.516,0,0,2,yfgkJHa6g4,X,com.sec.android.app.shealth,4a5bee42-ebe9-4c18-ab8d-c513c82140a4,4a5bee42-ebe9-4c18-ab8d-c513c82140a4.compressed_content.json,
America/Sao_Paulo,1613271600000,2021-02-21 16:42:14.244,2021-02-21 16:42:01.828,0,0,2,yfgkJHa6g4,X,com.sec.android.app.shealth,2ceda201-d52d-45b3-a1fd-38a49305e1b7,2ceda201-d52d-45b3-a1fd-38a49305e1b7.compressed_content.json,
America/Sao_Paulo,1570935600000,2019-10-20 16:44:03.228,2019-10-20 16:44:01.650,0,0,2,yfgkJHa6g4,X,com.sec.android.app.shealth,5f2adf58-5f60-488c-9a7b-f104fe1984a5,5f2adf58-5f60-488c-9a7b-f104fe1984a5.compressed_content.json,
America/Sao_Paulo,1577588400000,2020-01-05 16:42:11.973,2020-01-05 16:42:01.790,0,0,2,yfgkJHa6g4,X,com.sec.android.app.shealth,e7dc6fae-3190-47d0-8127-32a063727a3a,e7dc6fae-3190-47d0-8127-32a063727a3a.compressed_content.json,
America/Sao_Paulo,1616900400000,2021-04-04 16:41:44.745,2021-04-04 16:41:43.239,0,0,2,yfgkJHa6g4,X,com.sec.android.app.shealth,0010c7a5-1231-4e2e-89bf-86987fabf166,0010c7a5-1231-4e2e-89bf-86987fabf166.compressed_content.json,
America/Sao_Paulo,1574564400000,2019-12-01 16:41:50.850,2019-12-01 16:41:49.664,0,0,2,yfgkJHa6g4,X,com.sec.android.app.shealth,9e40c2f9-797c-483d-bd9e-e782d188eb78,9e40c2f9-797c-483d-bd9e-e782d188eb78.compressed_content.json,
America/Sao_Paulo,1617505200000,2021-04-11 16:44:44.320,2021-04-11 16:44:41.921,0,0,2,yfgkJHa6g4,X,com.sec.android.app.shealth,eed6e6be-12ad-4643-b168-715cb28556f0,eed6e6be-12ad-4643-b168-715cb28556f0.compressed_content.json,
Europe/London,1581206400000,2020-02-16 13:42:09.439,2020-02-16 13:42:07.872,0,0,2,yfgkJHa6g4,X,com.sec.android.app.shealth,390a84fa-9744-4835-95da-d735b589333e,390a84fa-9744-4835-95da-d735b589333e.compressed_content.json,
America/Sao_Paulo,1578193200000,2020-01-12 16:42:16.987,2020-01-12 16:42:13.248,0,0,2,yfgkJHa6g4,X,com.sec.android.app.shealth,fee570b0-5093-4036-a432-c7e433e11ed0,fee570b0-5093-4036-a432-c7e433e11ed0.compressed_content.json,
America/Sao_Paulo,1620529200000,2021-05-16 16:42:14.988,2021-05-16 16:42:13.218,0,0,2,yfgkJHa6g4,X,com.sec.android.app.shealth,e0ff28ba-8e5c-474f-a5e6-9d0baa8277dd,e0ff28ba-8e5c-474f-a5e6-9d0baa8277dd.compressed_content.json,
America/Sao_Paulo,1621134000000,2021-05-23 16:41:46.951,2021-05-23 16:41:45.987,0,0,2,yfgkJHa6g4,X,com.sec.android.app.shealth,9240eb9e-04d2-4637-9557-7524e74c73aa,9240eb9e-04d2-4637-9557-7524e74c73aa.compressed_content.json,
America/Sao_Paulo,1584846000000,2020-03-30 16:41:56.390,2020-03-29 16:43:28.782,0,0,2,yfgkJHa6g4,X,com.sec.android.app.shealth,afa2e125-0ce6-432e-a424-e1fc506e6966,afa2e125-0ce6-432e-a424-e1fc506e6966.compressed_content.json,
America/Sao_Paulo,1624762800000,2021-07-05 16:42:09.918,2021-07-05 16:42:07.930,0,0,2,yfgkJHa6g4,X,com.sec.android.app.shealth,5ae7fbf9-26c6-4874-8e95-c7773fa0feed,5ae7fbf9-26c6-4874-8e95-c7773fa0feed.compressed_content.json,
America/Sao_Paulo,1624158000000,2021-06-27 16:42:04.419,2021-06-27 16:42:02.839,0,0,2,yfgkJHa6g4,X,com.sec.android.app.shealth,1eaba58f-5347-4b3c-94f0-7f0e3e1deba1,1eaba58f-5347-4b3c-94f0-7f0e3e1deba1.compressed_content.json,
Europe/London,1581811200000,2020-02-23 13:42:17.718,2020-02-23 13:42:11.631,0,0,2,yfgkJHa6g4,X,com.sec.android.app.shealth,bdf05a59-79ee-4d6a-95db-489fa606a826,bdf05a59-79ee-4d6a-95db-489fa606a826.compressed_content.json,
America/Sao_Paulo,1588474800000,2020-05-10 16:42:39.660,2020-05-10 16:42:37.614,0,0,2,yfgkJHa6g4,X,com.sec.android.app.shealth,0034f9f4-f949-4181-8f69-720e8218e744,0034f9f4-f949-4181-8f69-720e8218e744.compressed_content.json,
America/Sao_Paulo,1628391600000,2021-08-15 16:42:18.119,2021-08-15 16:42:15.965,0,0,2,yfgkJHa6g4,X,com.sec.android.app.shealth,3b448388-8c32-4732-8f11-402a0d12dbe7,3b448388-8c32-4732-8f11-402a0d12dbe7.compressed_content.json,
America/Sao_Paulo,1585450800000,2020-04-05 16:42:47.261,2020-04-05 16:42:38.427,0,0,2,yfgkJHa6g4,X,com.sec.android.app.shealth,12bf8f66-8f18-41f0-8f97-87abdb1790c1,12bf8f66-8f18-41f0-8f97-87abdb1790c1.compressed_content.json,
America/Sao_Paulo,1627786800000,2021-08-08 16:42:29.424,2021-08-08 16:42:08.692,0,0,2,yfgkJHa6g4,X,com.sec.android.app.shealth,78869d96-7dcd-4a65-ab73-be1aa2b892f6,78869d96-7dcd-4a65-ab73-be1aa2b892f6.compressed_content.json,
America/Sao_Paulo,1592103600000,2020-06-23 16:42:34.462,2020-06-21 16:42:29.879,0,0,2,yfgkJHa6g4,X,com.sec.android.app.shealth,e2db4864-f46e-4676-a344-5ceb79645c1f,e2db4864-f46e-4676-a344-5ceb79645c1f.compressed_content.json,
America/Sao_Paulo,1632020400000,2021-09-26 16:41:52.358,2021-09-26 16:41:48.653,0,0,2,yfgkJHa6g4,X,com.sec.android.app.shealth,6499ecfb-4cf8-4015-973d-a78b5db217ca,6499ecfb-4cf8-4015-973d-a78b5db217ca.compressed_content.json,
America/Sao_Paulo,1589079600000,2020-05-17 16:41:43.595,2020-05-17 16:41:41.681,0,0,2,yfgkJHa6g4,X,com.sec.android.app.shealth,ce39f8a8-62bc-4396-95ac-4252b4166124,ce39f8a8-62bc-4396-95ac-4252b4166124.compressed_content.json,
America/Sao_Paulo,1631415600000,2021-09-19 16:41:58.450,2021-09-19 16:41:55.433,0,0,2,yfgkJHa6g4,X,com.sec.android.app.shealth,9a1fa47d-a271-4737-b56a-c90be658dd58,9a1fa47d-a271-4737-b56a-c90be658dd58.compressed_content.json,
America/Sao_Paulo,1592708400000,2020-06-30 16:42:51.977,2020-06-28 16:42:26.323,0,0,2,yfgkJHa6g4,X,com.sec.android.app.shealth,ae9b90e0-cc97-419a-b541-bab5e8262afe,ae9b90e0-cc97-419a-b541-bab5e8262afe.compressed_content.json,
America/Sao_Paulo,1595732400000,2020-08-04 16:42:04.200,2020-08-02 16:42:21.486,0,0,2,yfgkJHa6g4,X,com.sec.android.app.shealth,dab8b9f4-acb6-42d2-854c-733f2d64cd27,dab8b9f4-acb6-42d2-854c-733f2d64cd27.compressed_content.json,
America/Sao_Paulo,1635649200000,2021-11-07 16:42:03.676,2021-11-07 16:41:43.949,0,0,2,yfgkJHa6g4,X,com.sec.android.app.shealth,43e5b34e-e537-46dd-804d-c9e0ddb43351,43e5b34e-e537-46dd-804d-c9e0ddb43351.compressed_content.json,
America/Sao_Paulo,1596337200000,2020-08-09 17:37:21.943,2020-08-09 17:37:11.671,0,0,2,yfgkJHa6g4,X,com.sec.android.app.shealth,e2d70251-162f-468c-9384-f6ede4b40d4a,e2d70251-162f-468c-9384-f6ede4b40d4a.compressed_content.json,
America/Sao_Paulo,1599361200000,2020-09-14 16:42:54.853,2020-09-13 16:42:52.951,0,0,2,yfgkJHa6g4,X,com.sec.android.app.shealth,8ecad9d0-bffb-4616-a78d-9f3cc06f1d3a,8ecad9d0-bffb-4616-a78d-9f3cc06f1d3a.compressed_content.json,
America/Sao_Paulo,1635044400000,2021-10-31 16:41:47.994,2021-10-31 16:41:43.847,0,0,2,yfgkJHa6g4,X,com.sec.android.app.shealth,d8a849f1-8acb-4e6c-b3e3-ce190da302a7,d8a849f1-8acb-4e6c-b3e3-ce190da302a7.compressed_content.json,
America/Sao_Paulo,1639278000000,2021-12-19 16:42:06.886,2021-12-19 16:42:03.687,0,0,2,yfgkJHa6g4,X,com.sec.android.app.shealth,c0915c0e-866c-4773-9619-861e9899f87f,c0915c0e-866c-4773-9619-861e9899f87f.compressed_content.json,
America/Sao_Paulo,1602990000000,2020-10-26 16:42:28.566,2020-10-25 16:41:50.663,0,0,2,yfgkJHa6g4,X,com.sec.android.app.shealth,4a8d6080-035f-4896-95ec-a757f1a209cc,4a8d6080-035f-4896-95ec-a757f1a209cc.compressed_content.json,
America/Sao_Paulo,1599966000000,2020-09-21 16:41:41.846,2020-09-20 16:42:01.703,0,0,2,yfgkJHa6g4,X,com.sec.android.app.shealth,d182d353-049d-4e85-920e-fac9a60dd440,d182d353-049d-4e85-920e-fac9a60dd440.compressed_content.json,
America/Sao_Paulo,1638673200000,2021-12-12 16:42:47.467,2021-12-12 16:42:42.498,0,0,2,yfgkJHa6g4,X,com.sec.android.app.shealth,0dbd62ee-675e-42ed-9a6c-59e8010fa17f,0dbd62ee-675e-42ed-9a6c-59e8010fa17f.compressed_content.json,
America/Sao_Paulo,1642906800000,2022-01-30 16:43:30.665,2022-01-30 16:43:15.751,0,0,2,yfgkJHa6g4,X,com.sec.android.app.shealth,34f9f372-df88-4893-96dd-c3c3ce7f6430,34f9f372-df88-4893-96dd-c3c3ce7f6430.compressed_content.json,
America/Sao_Paulo,1606618800000,2020-12-07 16:42:25.612,2020-12-06 16:41:48.641,0,0,2,yfgkJHa6g4,X,com.sec.android.app.shealth,cc14b068-4869-4bd4-830d-9e54117d7151,cc14b068-4869-4bd4-830d-9e54117d7151.compressed_content.json,
America/Sao_Paulo,1603594800000,2020-11-02 16:42:27.112,2020-11-01 16:42:17.458,0,0,2,yfgkJHa6g4,X,com.sec.android.app.shealth,4d55dd38-b9c3-45a9-9e47-612edc03cf2e,4d55dd38-b9c3-45a9-9e47-612edc03cf2e.compressed_content.json,
America/Sao_Paulo,1646535600000,2022-03-13 16:45:27.479,2022-03-13 16:45:25.790,0,0,2,yfgkJHa6g4,X,com.sec.android.app.shealth,3cc6f212-ffa3-45f3-9604-7a32ad0ecfbc,3cc6f212-ffa3-45f3-9604-7a32ad0ecfbc.compressed_content.json,
America/Sao_Paulo,1642302000000,2022-01-23 16:42:09.853,2022-01-23 16:42:02.578,0,0,2,yfgkJHa6g4,X,com.sec.android.app.shealth,04c2d99e-62df-4029-b093-180a512276c2,04c2d99e-62df-4029-b093-180a512276c2.compressed_content.json,
America/Sao_Paulo,1610852400000,2021-01-28 16:41:47.863,2021-01-28 16:41:43.363,0,0,2,yfgkJHa6g4,X,com.sec.android.app.shealth,c9076b94-004a-40ff-acd1-6a25cb32016e,c9076b94-004a-40ff-acd1-6a25cb32016e.compressed_content.json,
America/Sao_Paulo,1607828400000,2020-12-23 16:42:00.808,2020-12-22 16:42:24.652,0,0,2,yfgkJHa6g4,X,com.sec.android.app.shealth,5f6fe845-70d3-46b9-b116-01d4c9405f0a,5f6fe845-70d3-46b9-b116-01d4c9405f0a.compressed_content.json,
America/Sao_Paulo,1651978800000,2022-05-15 16:43:08.237,2022-05-15 16:43:04.285,0,0,2,yfgkJHa6g4,X,com.sec.android.app.shealth,6d098d02-a103-447d-9dd0-45446cf2b312,6d098d02-a103-447d-9dd0-45446cf2b312.compressed_content.json,
America/Sao_Paulo,1645930800000,2022-03-08 16:43:09.750,2022-03-08 16:43:06.820,0,0,2,yfgkJHa6g4,X,com.sec.android.app.shealth,77a04041-6d04-4cc6-85b1-85989eb1ef86,77a04041-6d04-4cc6-85b1-85989eb1ef86.compressed_content.json,
America/Sao_Paulo,1614481200000,2021-03-07 16:45:15.229,2021-03-07 16:45:13.055,0,0,2,yfgkJHa6g4,X,com.sec.android.app.shealth,b140657b-201d-4e48-a916-061e43987da9,b140657b-201d-4e48-a916-061e43987da9.compressed_content.json,
America/Sao_Paulo,1611457200000,2021-01-31 16:45:20.880,2021-01-31 16:45:12.565,0,0,2,yfgkJHa6g4,X,com.sec.android.app.shealth,5912394d-4f36-4f5c-8c53-6f205d44c5a2,5912394d-4f36-4f5c-8c53-6f205d44c5a2.compressed_content.json,
America/Sao_Paulo,1655607600000,2022-06-28 16:42:37.974,2022-06-28 16:42:33.081,0,0,2,yfgkJHa6g4,X,com.sec.android.app.shealth,2c22bd87-7019-4053-8001-d29ef2bd6681,2c22bd87-7019-4053-8001-d29ef2bd6681.compressed_content.json,
America/Sao_Paulo,1651374000000,2022-05-08 16:44:18.304,2022-05-08 16:44:05.534,0,0,2,yfgkJHa6g4,X,com.sec.android.app.shealth,21fd5b4d-b8d8-4482-a34c-82e89f8a3093,21fd5b4d-b8d8-4482-a34c-82e89f8a3093.compressed_content.json,
America/Sao_Paulo,1659236400000,2022-08-07 16:43:48.232,2022-08-07 16:43:44.352,0,0,2,yfgkJHa6g4,X,com.sec.android.app.shealth,f192dc51-3fc9-483a-99a4-5449f67ac6f2,f192dc51-3fc9-483a-99a4-5449f67ac6f2.compressed_content.json,
America/Sao_Paulo,1618110000000,2021-04-18 16:42:05.158,2021-04-18 16:42:04.114,0,0,2,yfgkJHa6g4,X,com.sec.android.app.shealth,2ecb51ca-0604-4939-be7e-cf11baf47d7c,2ecb51ca-0604-4939-be7e-cf11baf47d7c.compressed_content.json,
America/Sao_Paulo,1655002800000,2022-06-19 16:42:40.251,2022-06-19 16:42:10.203,0,0,2,yfgkJHa6g4,X,com.sec.android.app.shealth,c732a4db-6643-4808-beb5-5669cf56c49a,c732a4db-6643-4808-beb5-5669cf56c49a.compressed_content.json,
America/Sao_Paulo,1664679600000,2022-10-09 16:48:40.075,2022-10-09 16:48:40.075,0,0,2,yfgkJHa6g4,X,com.sec.android.app.shealth,592c76d4-fef7-4ef2-a707-874e97b830d4,592c76d4-fef7-4ef2-a707-874e97b830d4.compressed_content.json,
America/Sao_Paulo,1621738800000,2021-05-30 16:44:05.233,2021-05-30 16:44:02.475,0,0,2,yfgkJHa6g4,X,com.sec.android.app.shealth,c6386679-3d5b-472f-8cb9-89442e799b6b,c6386679-3d5b-472f-8cb9-89442e799b6b.compressed_content.json,
America/Sao_Paulo,1615086000000,2021-03-14 16:42:34.899,2021-03-14 16:42:29.236,0,0,2,yfgkJHa6g4,X,com.sec.android.app.shealth,2ba85fae-f201-4943-8809-58a83ebacc7b,2ba85fae-f201-4943-8809-58a83ebacc7b.compressed_content.json,
America/Sao_Paulo,1658631600000,2022-07-31 16:42:18.644,2022-07-31 16:42:14.248,0,0,2,yfgkJHa6g4,X,com.sec.android.app.shealth,3ad0723b-e992-4143-90f7-f936265a4580,3ad0723b-e992-4143-90f7-f936265a4580.compressed_content.json,
America/Sao_Paulo,1671937200000,2023-01-05 16:42:52.048,2023-01-05 16:42:52.048,0,0,2,yfgkJHa6g4,X,com.sec.android.app.shealth,228f3b7f-0770-45a0-b61a-58119be79035,228f3b7f-0770-45a0-b61a-58119be79035.compressed_content.json,
America/Sao_Paulo,1664074800000,2022-10-02 16:41:55.010,2022-10-02 16:41:55.010,0,0,2,yfgkJHa6g4,X,com.sec.android.app.shealth,694c5682-fb00-412a-b5fd-c4d11bd4a436,694c5682-fb00-412a-b5fd-c4d11bd4a436.compressed_content.json,
America/Sao_Paulo,1625367600000,2021-07-11 16:44:18.535,2021-07-11 16:43:15.866,0,0,2,yfgkJHa6g4,X,com.sec.android.app.shealth,2b445ced-d7fa-44e1-becd-6086c92049e9,2b445ced-d7fa-44e1-becd-6086c92049e9.compressed_content.json,
America/Sao_Paulo,1618714800000,2021-04-25 16:41:48.465,2021-04-25 16:41:47.233,0,0,2,yfgkJHa6g4,X,com.sec.android.app.shealth,33fee6b2-024a-429c-8da8-e37b6038384e,33fee6b2-024a-429c-8da8-e37b6038384e.compressed_content.json,
America/Sao_Paulo,1671332400000,2022-12-26 16:41:48.089,2022-12-26 16:41:48.089,0,0,2,yfgkJHa6g4,X,com.sec.android.app.shealth,10d72f19-287d-4f2e-8f52-f316508d1153,10d72f19-287d-4f2e-8f52-f316508d1153.compressed_content.json,
America/Sao_Paulo,1628996400000,2021-08-24 16:42:34.243,2021-08-22 16:41:54.332,0,0,2,yfgkJHa6g4,X,com.sec.android.app.shealth,a22fdc3f-a6c2-4991-ae27-58a1dc7d5909,a22fdc3f-a6c2-4991-ae27-58a1dc7d5909.compressed_content.json,
America/Sao_Paulo,1622343600000,2021-06-06 16:42:01.342,2021-06-06 16:41:58.350,0,0,2,yfgkJHa6g4,X,com.sec.android.app.shealth,38ae93df-6175-4646-861b-0341b8ca06fa,38ae93df-6175-4646-861b-0341b8ca06fa.compressed_content.json,
America/Sao_Paulo,1625972400000,2021-07-18 16:42:49.121,2021-07-18 16:42:41.884,0,0,2,yfgkJHa6g4,X,com.sec.android.app.shealth,0be155f1-3515-4c67-b76b-99fa7383eafc,0be155f1-3515-4c67-b76b-99fa7383eafc.compressed_content.json,
America/Sao_Paulo,1632625200000,2021-10-03 16:42:11.487,2021-10-03 16:41:57.818,0,0,2,yfgkJHa6g4,X,com.sec.android.app.shealth,39665bb9-354f-4bc2-b2c9-096841ece268,39665bb9-354f-4bc2-b2c9-096841ece268.compressed_content.json,
America/Sao_Paulo,1629601200000,2021-08-29 16:42:12.655,2021-08-29 16:42:09.194,0,0,2,yfgkJHa6g4,X,com.sec.android.app.shealth,0f4d7e48-f33e-4933-8c89-50a1ba31015b,0f4d7e48-f33e-4933-8c89-50a1ba31015b.compressed_content.json,
America/Sao_Paulo,1636254000000,2021-11-17 16:43:13.169,2021-11-14 16:43:00.171,0,0,2,yfgkJHa6g4,X,com.sec.android.app.shealth,e7b5e51b-20ac-4ae0-a28a-7e8c628e067f,e7b5e51b-20ac-4ae0-a28a-7e8c628e067f.compressed_content.json,
America/Sao_Paulo,1633230000000,2021-10-11 16:44:26.010,2021-10-10 16:41:45.029,0,0,2,yfgkJHa6g4,X,com.sec.android.app.shealth,70c0a174-c967-4f2c-99ea-629682e6b028,70c0a174-c967-4f2c-99ea-629682e6b028.compressed_content.json,
America/Sao_Paulo,1639882800000,2021-12-28 16:41:53.632,2021-12-28 16:41:42.510,0,0,2,yfgkJHa6g4,X,com.sec.android.app.shealth,c669560d-fc3b-46cb-bf49-028dfd9d9f51,c669560d-fc3b-46cb-bf49-028dfd9d9f51.compressed_content.json,
America/Sao_Paulo,1636858800000,2021-11-21 16:42:07.607,2021-11-21 16:42:03.015,0,0,2,yfgkJHa6g4,X,com.sec.android.app.shealth,4a3cfa71-3d9b-4776-895a-ca255e3081d0,4a3cfa71-3d9b-4776-895a-ca255e3081d0.compressed_content.json,
America/Sao_Paulo,1643511600000,2022-02-06 16:42:09.086,2022-02-06 16:42:05.359,0,0,2,yfgkJHa6g4,X,com.sec.android.app.shealth,4b1b39df-69be-44ff-b45f-860563673b34,4b1b39df-69be-44ff-b45f-860563673b34.compressed_content.json,
America/Sao_Paulo,1640487600000,2022-01-02 16:42:08.304,2022-01-02 16:42:01.567,0,0,2,yfgkJHa6g4,X,com.sec.android.app.shealth,5777b9e6-0166-4086-9a81-a636b4ceb8d1,5777b9e6-0166-4086-9a81-a636b4ceb8d1.compressed_content.json,
America/Sao_Paulo,1647140400000,2022-03-20 16:48:43.075,2022-03-20 16:48:35.850,0,0,2,yfgkJHa6g4,X,com.sec.android.app.shealth,d8ca3d01-e9ab-4a2d-ab18-1a0519234e9a,d8ca3d01-e9ab-4a2d-ab18-1a0519234e9a.compressed_content.json,
America/Sao_Paulo,1644116400000,2022-02-13 16:42:19.126,2022-02-13 16:42:15.660,0,0,2,yfgkJHa6g4,X,com.sec.android.app.shealth,8a1ae70e-3479-4536-b37b-de9e3321bae3,8a1ae70e-3479-4536-b37b-de9e3321bae3.compressed_content.json,
America/Sao_Paulo,1652583600000,2022-05-22 16:44:14.462,2022-05-22 16:44:07.946,0,0,2,yfgkJHa6g4,X,com.sec.android.app.shealth,f8488c55-93b1-4e97-9c9c-a57639612964,f8488c55-93b1-4e97-9c9c-a57639612964.compressed_content.json,
America/Sao_Paulo,1647745200000,2022-03-27 16:44:08.017,2022-03-27 16:44:03.812,0,0,2,yfgkJHa6g4,X,com.sec.android.app.shealth,e71458e5-091e-4723-855a-1f265e980c65,e71458e5-091e-4723-855a-1f265e980c65.compressed_content.json,
America/Sao_Paulo,1656212400000,2022-07-03 17:12:56.743,2022-07-03 17:12:46.718,0,0,2,yfgkJHa6g4,X,com.sec.android.app.shealth,02acf99b-d5ce-45f0-a661-a0206cc68395,02acf99b-d5ce-45f0-a661-a0206cc68395.compressed_content.json,
America/Sao_Paulo,1660446000000,2022-08-21 16:42:11.455,2022-08-21 16:42:11.455,0,0,2,yfgkJHa6g4,X,com.sec.android.app.shealth,a347bccb-3d76-45da-b59b-947440e22970,a347bccb-3d76-45da-b59b-947440e22970.compressed_content.json,
America/Sao_Paulo,1653188400000,2022-05-29 16:43:55.209,2022-05-29 16:43:44.078,0,0,2,yfgkJHa6g4,X,com.sec.android.app.shealth,e0e77094-4993-42ba-827a-847fe252e92e,e0e77094-4993-42ba-827a-847fe252e92e.compressed_content.json,
America/Sao_Paulo,1656817200000,2022-07-13 16:43:11.577,2022-07-13 16:43:07.625,0,0,2,yfgkJHa6g4,X,com.sec.android.app.shealth,3c63436b-e2ed-4bb8-a1ec-b22d7c0f41e2,3c63436b-e2ed-4bb8-a1ec-b22d7c0f41e2.compressed_content.json,
America/Sao_Paulo,1666494000000,2022-11-02 16:42:07.964,2022-11-02 16:42:07.964,0,0,2,yfgkJHa6g4,X,com.sec.android.app.shealth,2b2f891e-a063-456c-a7ea-0dd1df250e44,2b2f891e-a063-456c-a7ea-0dd1df250e44.compressed_content.json,
America/Sao_Paulo,1672542000000,2023-01-09 16:41:54.834,2023-01-09 16:41:54.834,0,0,2,yfgkJHa6g4,X,com.sec.android.app.shealth,7325a2a0-577b-4b0a-9ea3-34573fd99cc5,7325a2a0-577b-4b0a-9ea3-34573fd99cc5.compressed_content.json,
America/Sao_Paulo,1661050800000,2022-08-31 16:42:14.460,2022-08-31 16:42:14.460,0,0,2,yfgkJHa6g4,X,com.sec.android.app.shealth,68533321-ea1c-4ae7-9466-3bfba613734c,68533321-ea1c-4ae7-9466-3bfba613734c.compressed_content.json,
America/Sao_Paulo,1668913200000,2022-11-28 16:42:02.258,2022-11-28 16:42:02.258,0,0,2,yfgkJHa6g4,X,com.sec.android.app.shealth,9ff68503-99c6-464c-a2ae-da0cfcfdf135,9ff68503-99c6-464c-a2ae-da0cfcfdf135.compressed_content.json,
America/Sao_Paulo,1673751600000,2023-01-24 16:41:47.451,2023-01-24 16:41:47.451,0,0,2,yfgkJHa6g4,X,com.sec.android.app.shealth,15075268-2604-44dd-9a39-ebe818cdd7fa,15075268-2604-44dd-9a39-ebe818cdd7fa.compressed_content.json,
